11:58:02,0.00251,3.37688,3.37688,0.00000
11:58:03,0.02993,3.15566,3.15566,0.00000
11:58:04,0.13466,3.06608,3.06608,0.00000
11:58:05,0.00752,3.32415,3.32415,0.00000
11:58:06,0.01980,3.21954,3.21954,0.00000
11:58:07,0.00500,3.34985,3.34985,0.00000
11:58:08,0.00748,3.32452,3.32452,0.00000
11:58:09,0.01759,3.23603,3.23603,0.00000
11:58:10,0.00000,3.40568,3.40568,0.00000
11:58:11,0.02261,3.19996,3.19996,0.00000
11:58:12,0.02256,3.20034,3.20034,0.00000
11:58:13,0.11364,3.04235,3.04235,0.00000
11:58:14,0.01253,3.27748,3.27748,0.00000
11:58:15,0.23224,3.25760,3.25760,0.00000
11:58:16,0.18820,3.15599,3.15599,0.00000
11:58:17,0.23016,3.25213,3.25213,0.00000
11:58:18,0.13030,3.06046,3.06046,0.00000
11:58:19,0.11315,3.04192,3.04192,0.00000
11:58:20,0.12651,3.05583,3.05583,0.00000
11:58:21,0.09464,3.03058,3.03058,0.00000
11:58:22,0.16232,3.10814,3.10814,0.00000
11:58:23,0.23077,3.25372,3.25372,0.00000
11:58:24,0.22011,3.22670,3.22670,0.00000
11:58:25,0.21409,3.21226,3.21226,0.00000
11:58:26,0.22043,3.22749,3.22749,0.00000
11:58:27,0.20879,3.19998,3.19998,0.00000
11:58:28,0.23647,3.26895,3.26895,0.00000
11:58:29,0.19783,3.17587,3.17587,0.00000
11:58:30,0.21370,3.21133,3.21133,0.00000
11:58:31,0.23077,3.25372,3.25372,0.00000
11:58:32,0.22788,3.24622,3.24622,0.00000
11:58:33,0.25594,3.32548,3.32548,0.00000
11:58:34,0.24282,3.28662,3.28662,0.00000
11:58:35,0.09317,3.03019,3.03019,0.00000
11:58:36,0.09404,3.03041,3.03041,0.00000
11:58:37,0.10559,3.03598,3.03598,0.00000
11:58:38,0.08464,3.02978,3.02978,0.00000
11:58:39,0.09177,3.02990,3.02990,0.00000
11:58:40,0.08723,3.02955,3.02955,0.00000
11:58:41,0.08464,3.02978,3.02978,0.00000
11:58:42,0.12308,3.05189,3.05189,0.00000
11:58:43,0.09146,3.02985,3.02985,0.00000
11:58:44,0.09969,3.03255,3.03255,0.00000
11:58:45,0.09779,3.03170,3.03170,0.00000
11:58:46,0.20867,3.19971,3.19971,0.00000
11:58:47,0.26817,3.36481,3.36481,0.00000
11:58:48,0.28392,3.42004,3.42004,0.00000
11:58:49,0.27569,3.39052,3.39052,0.00000
11:58:50,0.29973,3.48089,3.48089,0.00000
11:58:51,0.49246,4.53814,4.53814,0.00000
11:58:52,0.47423,4.42941,4.42941,0.00000
11:58:53,0.47028,4.40567,4.40567,0.00000
11:58:54,0.48586,4.49902,4.49902,0.00000
11:58:55,0.48622,4.50112,4.50112,0.00000
11:58:56,0.49010,4.52419,4.52419,0.00000
11:58:57,0.47545,4.43678,4.43678,0.00000
11:58:58,0.47959,4.46162,4.46162,0.00000
11:58:59,0.47704,4.44632,4.44632,0.00000
11:59:00,0.48861,4.51535,4.51535,0.00000
11:59:01,0.48724,4.50725,4.50725,0.00000
11:59:02,0.47301,4.42207,4.42207,0.00000
11:59:03,0.48866,4.51567,4.51567,0.00000
11:59:04,0.47970,4.46223,4.46223,0.00000
11:59:05,0.47150,4.41301,4.41301,0.00000
11:59:06,0.48974,4.52209,4.52209,0.00000
11:59:07,0.48214,4.47687,4.47687,0.00000
11:59:08,0.49751,4.56784,4.56784,0.00000
11:59:09,0.46114,4.35037,4.35037,0.00000
11:59:10,0.27068,3.37325,3.37325,0.00000
11:59:11,0.26817,3.36481,3.36481,0.00000
11:59:12,0.27525,3.38899,3.38899,0.00000
11:59:13,0.06000,3.05208,3.05208,0.00000
11:59:14,0.02000,3.21811,3.21811,0.00000
11:59:15,0.02256,3.20034,3.20034,0.00000
11:59:16,0.01504,3.25626,3.25626,0.00000
11:59:17,0.01750,3.23671,3.23671,0.00000
11:59:18,0.02010,3.21739,3.21739,0.00000
11:59:19,0.03000,3.15525,3.15525,0.00000
11:59:20,0.03500,3.13003,3.13003,0.00000
11:59:21,0.02500,3.18448,3.18448,0.00000
11:59:22,0.01500,3.25657,3.25657,0.00000
11:59:23,0.01511,3.25564,3.25564,0.00000
11:59:24,0.01247,3.27803,3.27803,0.00000
11:59:25,0.01005,3.29985,3.29985,0.00000
11:59:26,0.03000,3.15525,3.15525,0.00000
11:59:27,0.03759,3.11840,3.11840,0.00000
11:59:28,0.01750,3.23671,3.23671,0.00000
11:59:29,0.01750,3.23671,3.23671,0.00000
11:59:30,0.02005,3.21775,3.21775,0.00000
11:59:31,0.01754,3.23637,3.23637,0.00000
11:59:32,0.02757,3.16894,3.16894,0.00000
11:59:33,0.02256,3.20034,3.20034,0.00000
11:59:34,0.01750,3.23671,3.23671,0.00000
11:59:35,0.01256,3.27721,3.27721,0.00000
11:59:36,0.02250,3.20072,3.20072,0.00000
11:59:37,0.03008,3.15484,3.15484,0.00000
11:59:38,0.00251,3.37688,3.37688,0.00000
11:59:39,0.02250,3.20072,3.20072,0.00000
11:59:40,0.01504,3.25626,3.25626,0.00000
11:59:41,0.01750,3.23671,3.23671,0.00000
11:59:42,0.02494,3.18487,3.18487,0.00000
11:59:43,0.03008,3.15484,3.15484,0.00000
11:59:44,0.01504,3.25626,3.25626,0.00000
11:59:45,0.02256,3.20034,3.20034,0.00000
11:59:46,0.01504,3.25626,3.25626,0.00000
11:59:47,0.01504,3.25626,3.25626,0.00000
11:59:48,0.04010,3.10805,3.10805,0.00000
11:59:49,0.03500,3.13003,3.13003,0.00000
11:59:50,0.01500,3.25657,3.25657,0.00000
11:59:51,0.02256,3.20034,3.20034,0.00000
11:59:52,0.01504,3.25626,3.25626,0.00000
11:59:53,0.00000,3.40568,3.40568,0.00000
11:59:54,0.02500,3.18448,3.18448,0.00000
11:59:55,0.03258,3.14175,3.14175,0.00000
11:59:56,0.03015,3.15443,3.15443,0.00000
11:59:57,0.02250,3.20072,3.20072,0.00000
11:59:58,0.01754,3.23637,3.23637,0.00000
11:59:59,0.01504,3.25626,3.25626,0.00000
12:00:00,0.01750,3.23671,3.23671,0.00000
12:00:01,0.05013,3.07451,3.07451,0.00000
12:00:02,0.01504,3.25626,3.25626,0.00000
12:00:03,0.02256,3.20034,3.20034,0.00000
12:00:04,0.01750,3.23671,3.23671,0.00000
12:00:05,0.01256,3.27721,3.27721,0.00000
12:00:06,0.03258,3.14175,3.14175,0.00000
12:00:07,0.00748,3.32452,3.32452,0.00000
12:00:08,0.01504,3.25626,3.25626,0.00000
12:00:09,0.02256,3.20034,3.20034,0.00000
12:00:10,0.01500,3.25657,3.25657,0.00000
12:00:11,0.01754,3.23637,3.23637,0.00000
12:00:12,0.04250,3.09891,3.09891,0.00000
12:00:13,0.03250,3.14216,3.14216,0.00000
12:00:14,0.03250,3.14216,3.14216,0.00000
12:00:15,0.02250,3.20072,3.20072,0.00000
12:00:16,0.01754,3.23637,3.23637,0.00000
12:00:17,0.01500,3.25657,3.25657,0.00000
12:00:18,0.02010,3.21739,3.21739,0.00000
12:00:19,0.03250,3.14216,3.14216,0.00000
12:00:20,0.00251,3.37688,3.37688,0.00000
12:00:21,0.03750,3.11880,3.11880,0.00000
12:00:22,0.01750,3.23671,3.23671,0.00000
12:00:23,0.01504,3.25626,3.25626,0.00000
12:00:24,0.02250,3.20072,3.20072,0.00000
12:00:25,0.01504,3.25626,3.25626,0.00000
12:00:26,0.03242,3.14257,3.14257,0.00000
12:00:27,0.04261,3.09852,3.09852,0.00000
12:00:28,0.01500,3.25657,3.25657,0.00000
12:00:29,0.01750,3.23671,3.23671,0.00000
12:00:30,0.02256,3.20034,3.20034,0.00000
12:00:31,0.15750,3.10011,3.10011,0.00000
12:00:32,0.27431,3.38573,3.38573,0.00000
12:00:33,0.27889,3.40184,3.40184,0.00000
12:00:34,0.26065,3.34028,3.34028,0.00000
12:00:35,0.25815,3.33236,3.33236,0.00000
12:00:36,0.25153,3.31207,3.31207,0.00000
12:00:37,0.13605,3.06794,3.06794,0.00000
12:00:38,0.33083,3.61647,3.61647,0.00000
12:00:39,0.49738,4.56709,4.56709,0.00000
12:00:40,0.48223,4.47742,4.47742,0.00000
12:00:41,0.48724,4.50725,4.50725,0.00000
12:00:42,0.48469,4.49208,4.49208,0.00000
12:00:43,0.46597,4.37960,4.37960,0.00000
12:00:44,0.47287,4.42124,4.42124,0.00000
12:00:45,0.49492,4.55264,4.55264,0.00000
12:00:46,0.47301,4.42207,4.42207,0.00000
12:00:47,0.49497,4.55296,4.55296,0.00000
12:00:48,0.49620,4.56017,4.56017,0.00000
12:00:49,0.46819,4.39305,4.39305,0.00000
12:00:50,0.47607,4.44050,4.44050,0.00000
12:00:51,0.47949,4.46099,4.46099,0.00000
12:00:52,0.46891,4.39739,4.39739,0.00000
12:00:53,0.46582,4.37873,4.37873,0.00000
12:00:54,0.47815,4.45298,4.45298,0.00000
12:00:55,0.48866,4.51567,4.51567,0.00000
12:00:56,0.46787,4.39108,4.39108,0.00000
12:00:57,0.48571,4.49817,4.49817,0.00000
12:00:58,0.38250,3.88379,3.88379,0.00000
12:00:59,0.27068,3.37325,3.37325,0.00000
12:01:00,0.26817,3.36481,3.36481,0.00000
12:01:01,0.12312,3.05194,3.05194,0.00000
12:01:02,0.01504,3.25626,3.25626,0.00000
12:01:03,0.01500,3.25657,3.25657,0.00000
12:01:04,0.00501,3.34972,3.34972,0.00000
12:01:05,0.01995,3.21847,3.21847,0.00000
12:01:06,0.02256,3.20034,3.20034,0.00000
12:01:07,0.01750,3.23671,3.23671,0.00000
12:01:08,0.03500,3.13003,3.13003,0.00000
12:01:09,0.02005,3.21775,3.21775,0.00000
12:01:10,0.01750,3.23671,3.23671,0.00000
12:01:11,0.01750,3.23671,3.23671,0.00000
12:01:12,0.02010,3.21739,3.21739,0.00000
12:01:13,0.03000,3.15525,3.15525,0.00000
12:01:14,0.03258,3.14175,3.14175,0.00000
12:01:15,0.02010,3.21739,3.21739,0.00000
12:01:16,0.01750,3.23671,3.23671,0.00000
12:01:17,0.01504,3.25626,3.25626,0.00000
12:01:18,0.01000,3.30032,3.30032,0.00000
12:01:19,0.01500,3.25657,3.25657,0.00000
12:01:20,0.03008,3.15484,3.15484,0.00000
12:01:21,0.02256,3.20034,3.20034,0.00000
12:01:22,0.01508,3.25595,3.25595,0.00000
12:01:23,0.01750,3.23671,3.23671,0.00000
12:01:24,0.02256,3.20034,3.20034,0.00000
12:01:25,0.03008,3.15484,3.15484,0.00000
12:01:26,0.01754,3.23637,3.23637,0.00000
12:01:27,0.02256,3.20034,3.20034,0.00000
12:01:28,0.01750,3.23671,3.23671,0.00000
12:01:29,0.01504,3.25626,3.25626,0.00000
12:01:30,0.04010,3.10805,3.10805,0.00000
12:01:31,0.03008,3.15484,3.15484,0.00000
12:01:32,0.00251,3.37688,3.37688,0.00000
12:01:33,0.02250,3.20072,3.20072,0.00000
12:01:34,0.01750,3.23671,3.23671,0.00000
12:01:35,0.01746,3.23704,3.23704,0.00000
12:01:36,0.02256,3.20034,3.20034,0.00000
12:01:37,0.02757,3.16894,3.16894,0.00000
12:01:38,0.03008,3.15484,3.15484,0.00000
12:01:39,0.04020,3.10765,3.10765,0.00000
12:01:40,0.01995,3.21847,3.21847,0.00000
12:01:41,0.01750,3.23671,3.23671,0.00000
12:01:42,0.02494,3.18487,3.18487,0.00000
12:01:43,0.01504,3.25626,3.25626,0.00000
12:01:44,0.03250,3.14216,3.14216,0.00000
12:01:45,0.01754,3.23637,3.23637,0.00000
12:01:46,0.00251,3.37688,3.37688,0.00000
12:01:47,0.01750,3.23671,3.23671,0.00000
12:01:48,0.02494,3.18487,3.18487,0.00000
12:01:49,0.01754,3.23637,3.23637,0.00000
12:01:50,0.03008,3.15484,3.15484,0.00000
12:01:51,0.02250,3.20072,3.20072,0.00000
12:01:52,0.01500,3.25657,3.25657,0.00000
12:01:53,0.01754,3.23637,3.23637,0.00000
12:01:54,0.02010,3.21739,3.21739,0.00000
12:01:55,0.03250,3.14216,3.14216,0.00000
12:01:56,0.01504,3.25626,3.25626,0.00000
12:01:57,0.02250,3.20072,3.20072,0.00000
12:01:58,0.01754,3.23637,3.23637,0.00000
12:01:59,0.01504,3.25626,3.25626,0.00000
12:02:00,0.03491,3.13043,3.13043,0.00000
12:02:01,0.18000,3.13997,3.13997,0.00000
12:02:02,0.22193,3.23118,3.23118,0.00000
12:02:03,0.09938,3.03240,3.03240,0.00000
12:02:04,0.08833,3.02955,3.02955,0.00000
12:02:05,0.08750,3.02955,3.02955,0.00000
12:02:06,0.28500,3.42403,3.42403,0.00000
12:02:07,0.27182,3.37714,3.37714,0.00000
12:02:08,0.27068,3.37325,3.37325,0.00000
12:02:09,0.32331,3.58179,3.58179,0.00000
12:02:10,0.41730,4.08553,4.08553,0.00000
12:02:11,0.48371,4.48620,4.48620,0.00000
12:02:12,0.50125,4.58967,4.58967,0.00000
12:02:13,0.45455,4.31038,4.31038,0.00000
12:02:14,0.46354,4.36492,4.36492,0.00000
12:02:15,0.49127,4.53111,4.53111,0.00000
12:02:16,0.46512,4.37445,4.37445,0.00000
12:02:17,0.47273,4.42040,4.42040,0.00000
12:02:18,0.47917,4.45907,4.45907,0.00000
12:02:19,0.48866,4.51567,4.51567,0.00000
12:02:20,0.47179,4.41477,4.41477,0.00000
12:02:21,0.48995,4.52330,4.52330,0.00000
12:02:22,0.48354,4.48522,4.48522,0.00000
12:02:23,0.48731,4.50766,4.50766,0.00000
12:02:24,0.48837,4.51398,4.51398,0.00000
12:02:25,0.48731,4.50766,4.50766,0.00000
12:02:26,0.47595,4.43978,4.43978,0.00000
12:02:27,0.47792,4.45160,4.45160,0.00000
12:02:28,0.46482,4.37269,4.37269,0.00000
12:02:29,0.48737,4.50804,4.50804,0.00000
12:02:30,0.30000,3.48198,3.48198,0.00000
12:02:31,0.26884,3.36706,3.36706,0.00000
12:02:32,0.15500,3.09604,3.09604,0.00000
12:02:33,0.02256,3.20034,3.20034,0.00000
12:02:34,0.01504,3.25626,3.25626,0.00000
12:02:35,0.01750,3.23671,3.23671,0.00000
12:02:36,0.03266,3.14134,3.14134,0.00000
12:02:37,0.03258,3.14175,3.14175,0.00000
12:02:38,0.01746,3.23704,3.23704,0.00000
12:02:39,0.02256,3.20034,3.20034,0.00000
12:02:40,0.01504,3.25626,3.25626,0.00000
12:02:41,0.01504,3.25626,3.25626,0.00000
12:02:42,0.02000,3.21811,3.21811,0.00000
12:02:43,0.02000,3.21811,3.21811,0.00000
12:02:44,0.01750,3.23671,3.23671,0.00000
12:02:45,0.02250,3.20072,3.20072,0.00000
12:02:46,0.01504,3.25626,3.25626,0.00000
12:02:47,0.01504,3.25626,3.25626,0.00000
12:02:48,0.03759,3.11840,3.11840,0.00000
12:02:49,0.01500,3.25657,3.25657,0.00000
12:02:50,0.01504,3.25626,3.25626,0.00000
12:02:51,0.02250,3.20072,3.20072,0.00000
12:02:52,0.01504,3.25626,3.25626,0.00000
12:02:53,0.02513,3.18369,3.18369,0.00000
12:02:54,0.02250,3.20072,3.20072,0.00000
12:02:55,0.01504,3.25626,3.25626,0.00000
12:02:56,0.01504,3.25626,3.25626,0.00000
12:02:57,0.01504,3.25626,3.25626,0.00000
12:02:58,0.01003,3.30009,3.30009,0.00000
12:02:59,0.03000,3.15525,3.15525,0.00000
12:03:00,0.01504,3.25626,3.25626,0.00000
12:03:01,0.02261,3.19996,3.19996,0.00000
12:03:02,0.01500,3.25657,3.25657,0.00000
12:03:03,0.02256,3.20034,3.20034,0.00000
12:03:04,0.02757,3.16894,3.16894,0.00000
12:03:05,0.03491,3.13043,3.13043,0.00000
12:03:06,0.02005,3.21775,3.21775,0.00000
12:03:07,0.01750,3.23671,3.23671,0.00000
12:03:08,0.01253,3.27748,3.27748,0.00000
12:03:09,0.02256,3.20034,3.20034,0.00000
12:03:10,0.03008,3.15484,3.15484,0.00000
12:03:11,0.01500,3.25657,3.25657,0.00000
12:03:12,0.02506,3.18408,3.18408,0.00000
12:03:13,0.01256,3.27721,3.27721,0.00000
12:03:14,0.01746,3.23704,3.23704,0.00000
12:03:15,0.02256,3.20034,3.20034,0.00000
12:03:16,0.01504,3.25626,3.25626,0.00000
12:03:17,0.03008,3.15484,3.15484,0.00000
12:03:18,0.02256,3.20034,3.20034,0.00000
12:03:19,0.01504,3.25626,3.25626,0.00000
12:03:20,0.01750,3.23671,3.23671,0.00000
12:03:21,0.02010,3.21739,3.21739,0.00000
12:03:22,0.03015,3.15443,3.15443,0.00000
12:03:23,0.01754,3.23637,3.23637,0.00000
12:03:24,0.02256,3.20034,3.20034,0.00000
12:03:25,0.01504,3.25626,3.25626,0.00000
12:03:26,0.00501,3.34972,3.34972,0.00000
12:03:27,0.01504,3.25626,3.25626,0.00000
12:03:28,0.02506,3.18408,3.18408,0.00000
12:03:29,0.01504,3.25626,3.25626,0.00000
12:03:30,0.02250,3.20072,3.20072,0.00000
12:03:31,0.01504,3.25626,3.25626,0.00000
12:03:32,0.13819,3.07085,3.07085,0.00000
12:03:33,0.25195,3.31331,3.31331,0.00000
12:03:34,0.09657,3.03122,3.03122,0.00000
12:03:35,0.08150,3.03051,3.03051,0.00000
12:03:36,0.09236,3.03001,3.03001,0.00000
12:03:37,0.20994,3.20262,3.20262,0.00000
12:03:38,0.13982,3.07312,3.07312,0.00000
12:03:39,0.15044,3.08884,3.08884,0.00000
12:03:40,0.26884,3.36706,3.36706,0.00000
12:03:41,0.25250,3.31498,3.31498,0.00000
12:03:42,0.41919,4.09680,4.09680,0.00000
12:03:43,0.41432,4.06780,4.06780,0.00000
12:03:44,0.46494,4.37335,4.37335,0.00000
12:03:45,0.50126,4.58972,4.58972,0.00000
12:03:46,0.48866,4.51567,4.51567,0.00000
12:03:47,0.47970,4.46223,4.46223,0.00000
12:03:48,0.48187,4.47522,4.47522,0.00000
12:03:50,0.49622,4.56028,4.56028,0.00000
12:03:51,0.48477,4.49256,4.49256,0.00000
12:03:52,0.49628,4.56060,4.56060,0.00000
12:03:53,0.48477,4.49256,4.49256,0.00000
12:03:54,0.46954,4.40119,4.40119,0.00000
12:03:55,0.48601,4.49991,4.49991,0.00000
12:03:56,0.47680,4.44491,4.44491,0.00000
12:03:57,0.47545,4.43678,4.43678,0.00000
12:03:58,0.48579,4.49861,4.49861,0.00000
12:03:59,0.47970,4.46223,4.46223,0.00000
12:04:00,0.47959,4.46162,4.46162,0.00000
12:04:01,0.48205,4.47633,4.47633,0.00000
12:04:02,0.45385,4.30614,4.30614,0.00000
12:04:03,0.10526,3.03576,3.03576,0.00000
12:04:04,0.03046,3.15278,3.15278,0.00000
12:04:05,0.33770,3.64916,3.64916,0.00000
12:04:06,0.61559,5.17339,5.17339,0.00000
12:04:07,0.16582,3.11415,3.11415,0.00000
12:04:08,0.03015,3.15443,3.15443,0.00000
12:04:09,0.09794,3.03176,3.03176,0.00000
12:04:10,0.02015,3.21702,3.21702,0.00000
12:04:11,0.03266,3.14134,3.14134,0.00000
12:04:12,0.15327,3.09327,3.09327,0.00000
12:04:13,0.02757,3.16894,3.16894,0.00000
12:04:14,0.00250,3.37695,3.37695,0.00000
12:04:15,0.19048,3.16058,3.16058,0.00000
12:04:16,0.23810,3.27341,3.27341,0.00000
12:07:00,0.01759,3.23603,3.23603,0.00000
12:07:01,0.04020,3.10765,3.10765,0.00000
12:07:02,0.09824,3.03189,3.03189,0.00000
12:07:03,0.04282,3.09774,3.09774,0.00000
12:07:04,0.00748,3.32452,3.32452,0.00000
12:07:05,0.00500,3.34985,3.34985,0.00000
12:07:06,0.01256,3.27721,3.27721,0.00000
12:07:07,0.02000,3.21811,3.21811,0.00000
12:07:08,0.24796,3.30144,3.30144,0.00000
12:07:09,0.23056,3.25318,3.25318,0.00000
12:07:10,0.20055,3.18169,3.18169,0.00000
12:07:11,0.23219,3.25747,3.25747,0.00000
12:07:12,0.24211,3.28459,3.28459,0.00000
12:07:13,0.22460,3.23786,3.23786,0.00000
12:07:14,0.23077,3.25372,3.25372,0.00000
12:07:15,0.23262,3.25861,3.25861,0.00000
12:07:16,0.26243,3.34598,3.34598,0.00000
12:07:17,0.22606,3.24157,3.24157,0.00000
12:07:18,0.23056,3.25318,3.25318,0.00000
12:07:19,0.22872,3.24839,3.24839,0.00000
12:07:20,0.22955,3.25054,3.25054,0.00000
12:07:21,0.27456,3.38658,3.38658,0.00000
12:07:22,0.20219,3.18525,3.18525,0.00000
12:07:23,0.10976,3.03906,3.03906,0.00000
12:07:24,0.11765,3.04616,3.04616,0.00000
12:07:25,0.08464,3.02978,3.02978,0.00000
12:07:26,0.08750,3.02955,3.02955,0.00000
12:07:27,0.09868,3.03208,3.03208,0.00000
12:07:28,0.08750,3.02955,3.02955,0.00000
12:07:29,0.12462,3.05364,3.05364,0.00000
12:07:30,0.13939,3.07252,3.07252,0.00000
12:07:31,0.08464,3.02978,3.02978,0.00000
12:07:32,0.08254,3.03021,3.03021,0.00000
12:07:33,0.09346,3.03026,3.03026,0.00000
12:07:34,0.22997,3.25164,3.25164,0.00000
12:07:35,0.27250,3.37947,3.37947,0.00000
12:07:36,0.31061,3.52594,3.52594,0.00000
12:07:37,0.28463,3.42268,3.42268,0.00000
12:07:38,0.42967,4.15965,4.15965,0.00000
12:07:39,0.48980,4.52239,4.52239,0.00000
12:07:40,0.48855,4.51500,4.51500,0.00000
12:07:41,0.48462,4.49162,4.49162,0.00000
12:07:42,0.47704,4.44632,4.44632,0.00000
12:07:43,0.47315,4.42292,4.42292,0.00000
12:07:44,0.47804,4.45229,4.45229,0.00000
12:07:45,0.48338,4.48422,4.48422,0.00000
12:07:46,0.45995,4.34316,4.34316,0.00000
12:07:47,0.46193,4.35515,4.35515,0.00000
12:07:48,0.48223,4.47742,4.47742,0.00000
12:07:49,0.48615,4.50072,4.50072,0.00000
12:07:50,0.47959,4.46162,4.46162,0.00000
12:07:51,0.47792,4.45160,4.45160,0.00000
12:07:52,0.45932,4.33933,4.33933,0.00000
12:07:53,0.47273,4.42040,4.42040,0.00000
12:07:54,0.48990,4.52299,4.52299,0.00000
12:07:55,0.46875,4.39641,4.39641,0.00000
12:07:56,0.48101,4.47013,4.47013,0.00000
12:07:57,0.38168,3.87920,3.87920,0.00000
12:07:58,0.27250,3.37947,3.37947,0.00000
12:07:59,0.27068,3.37325,3.37325,0.00000
12:08:00,0.14610,3.08222,3.08222,0.00000
12:08:01,0.02743,3.16974,3.16974,0.00000
12:08:02,0.01750,3.23671,3.23671,0.00000
12:08:03,0.02250,3.20072,3.20072,0.00000
12:08:04,0.01750,3.23671,3.23671,0.00000
12:08:05,0.01508,3.25595,3.25595,0.00000
12:08:06,0.03258,3.14175,3.14175,0.00000
12:08:07,0.01750,3.23671,3.23671,0.00000
12:08:08,0.01750,3.23671,3.23671,0.00000
12:08:09,0.02010,3.21739,3.21739,0.00000
12:08:10,0.14750,3.08433,3.08433,0.00000
12:08:11,0.24806,3.30175,3.30175,0.00000
12:08:12,0.09657,3.03122,3.03122,0.00000
12:08:13,0.08464,3.02978,3.02978,0.00000
12:08:14,0.20924,3.20100,3.20100,0.00000
12:08:15,0.27068,3.37325,3.37325,0.00000
12:08:16,0.25815,3.33236,3.33236,0.00000
12:08:17,0.28250,3.41485,3.41485,0.00000
12:08:18,0.29974,3.48095,3.48095,0.00000
12:08:19,0.44330,4.24211,4.24211,0.00000
12:08:20,0.46787,4.39108,4.39108,0.00000
12:08:21,0.48855,4.51500,4.51500,0.00000
12:08:22,0.47826,4.45364,4.45364,0.00000
12:08:23,0.48469,4.49208,4.49208,0.00000
12:08:24,0.48718,4.50687,4.50687,0.00000
12:08:25,0.48338,4.48422,4.48422,0.00000
12:08:26,0.47475,4.43256,4.43256,0.00000
12:08:27,0.48223,4.47742,4.47742,0.00000
12:08:28,0.46939,4.40027,4.40027,0.00000
12:08:29,0.46819,4.39305,4.39305,0.00000
12:08:30,0.49235,4.53747,4.53747,0.00000
12:08:31,0.47680,4.44491,4.44491,0.00000
12:08:32,0.48101,4.47013,4.47013,0.00000
12:08:33,0.47792,4.45160,4.45160,0.00000
12:08:34,0.47970,4.46223,4.46223,0.00000
12:08:35,0.46597,4.37960,4.37960,0.00000
12:08:36,0.49373,4.54566,4.54566,0.00000
12:08:37,0.46997,4.40379,4.40379,0.00000
12:08:38,0.35013,3.71070,3.71070,0.00000
12:08:39,0.27569,3.39052,3.39052,0.00000
12:08:40,0.27000,3.37095,3.37095,0.00000
12:08:41,0.04511,3.08978,3.08978,0.00000
12:08:42,0.01000,3.30032,3.30032,0.00000
12:08:43,0.01504,3.25626,3.25626,0.00000
12:08:44,0.03474,3.13125,3.13125,0.00000
12:08:45,0.02005,3.21775,3.21775,0.00000
12:08:46,0.01504,3.25626,3.25626,0.00000
12:08:47,0.03250,3.14216,3.14216,0.00000
12:08:48,0.02256,3.20034,3.20034,0.00000
12:08:49,0.01750,3.23671,3.23671,0.00000
12:08:50,0.01746,3.23704,3.23704,0.00000
12:08:51,0.25879,3.33440,3.33440,0.00000
12:08:52,0.22703,3.24403,3.24403,0.00000
12:08:53,0.10248,3.03403,3.03403,0.00000
12:08:55,0.28070,3.40832,3.40832,0.00000
12:08:56,0.27431,3.38573,3.38573,0.00000
12:08:57,0.27000,3.37095,3.37095,0.00000
12:08:58,0.27569,3.39052,3.39052,0.00000
12:08:59,0.39000,3.92613,3.92613,0.00000
12:09:00,0.47938,4.46036,4.46036,0.00000
12:09:01,0.49123,4.53085,4.53085,0.00000
12:09:02,0.47409,4.42861,4.42861,0.00000
12:09:03,0.45692,4.32478,4.32478,0.00000
12:09:04,0.48072,4.46838,4.46838,0.00000
12:09:05,0.49497,4.55296,4.55296,0.00000
12:09:06,0.46214,4.35646,4.35646,0.00000
12:09:07,0.48469,4.49208,4.49208,0.00000
12:09:08,0.48866,4.51567,4.51567,0.00000
12:09:09,0.47150,4.41301,4.41301,0.00000
12:09:10,0.47815,4.45298,4.45298,0.00000
12:09:11,0.45897,4.33726,4.33726,0.00000
12:09:12,0.46547,4.37662,4.37662,0.00000
12:09:13,0.48485,4.49301,4.49301,0.00000
12:09:14,0.47970,4.46223,4.46223,0.00000
12:09:15,0.47848,4.45497,4.45497,0.00000
12:09:16,0.47028,4.40567,4.40567,0.00000
12:09:17,0.48737,4.50804,4.50804,0.00000
12:09:18,0.43478,4.19053,4.19053,0.00000
12:09:19,0.27750,3.39689,3.39689,0.00000
12:09:20,0.26633,3.35870,3.35870,0.00000
12:09:21,0.06767,3.04063,3.04063,0.00000
12:09:22,0.02256,3.20034,3.20034,0.00000
12:09:23,0.01504,3.25626,3.25626,0.00000
12:09:24,0.01750,3.23671,3.23671,0.00000
12:09:25,0.01253,3.27748,3.27748,0.00000
12:09:26,0.00750,3.32433,3.32433,0.00000
12:09:27,0.01754,3.23637,3.23637,0.00000
12:09:28,0.03008,3.15484,3.15484,0.00000
12:09:29,0.02513,3.18369,3.18369,0.00000
12:09:30,0.01750,3.23671,3.23671,0.00000
12:09:31,0.23058,3.25322,3.25322,0.00000
12:09:32,0.25641,3.32695,3.32695,0.00000
12:09:33,0.03535,3.12839,3.12839,0.00000
12:09:34,0.02993,3.15566,3.15566,0.00000
12:09:35,0.00752,3.32415,3.32415,0.00000
12:09:36,0.01000,3.30032,3.30032,0.00000
12:09:37,0.01763,3.23569,3.23569,0.00000
12:09:38,0.22105,3.22902,3.22902,0.00000
12:09:39,0.22460,3.23786,3.23786,0.00000
12:09:40,0.24409,3.29025,3.29025,0.00000
12:09:41,0.23684,3.26998,3.26998,0.00000
12:09:42,0.21693,3.21900,3.21900,0.00000
12:09:43,0.22460,3.23786,3.23786,0.00000
12:09:44,0.23077,3.25372,3.25372,0.00000
12:09:45,0.21774,3.22095,3.22095,0.00000
12:09:46,0.29787,3.47346,3.47346,0.00000
12:09:47,0.23016,3.25213,3.25213,0.00000
12:09:48,0.20822,3.19868,3.19868,0.00000
12:09:49,0.25065,3.30943,3.30943,0.00000
12:09:50,0.24000,3.27869,3.27869,0.00000
12:09:51,0.26884,3.36706,3.36706,0.00000
12:09:52,0.20330,3.18768,3.18768,0.00000
12:09:53,0.08750,3.02955,3.02955,0.00000
12:09:54,0.09657,3.03122,3.03122,0.00000
12:09:55,0.27569,3.39052,3.39052,0.00000
12:09:56,0.27000,3.37095,3.37095,0.00000
12:09:57,0.27068,3.37325,3.37325,0.00000
12:09:58,0.27431,3.38573,3.38573,0.00000
12:09:59,0.38442,3.89457,3.89457,0.00000
12:10:00,0.47462,4.43177,4.43177,0.00000
12:10:01,0.48092,4.46954,4.46954,0.00000
12:10:02,0.47804,4.45229,4.45229,0.00000
12:10:03,0.47044,4.40658,4.40658,0.00000
12:10:04,0.47258,4.41953,4.41953,0.00000
12:10:05,0.47315,4.42292,4.42292,0.00000
12:10:06,0.47059,4.40751,4.40751,0.00000
12:10:07,0.47532,4.43601,4.43601,0.00000
12:10:08,0.48223,4.47742,4.47742,0.00000
12:10:09,0.47179,4.41477,4.41477,0.00000
12:10:10,0.47074,4.40840,4.40840,0.00000
12:10:11,0.46684,4.38485,4.38485,0.00000
12:10:12,0.46770,4.39008,4.39008,0.00000
12:10:13,0.48861,4.51535,4.51535,0.00000
12:10:14,0.47287,4.42124,4.42124,0.00000
12:10:15,0.46787,4.39108,4.39108,0.00000
12:10:16,0.47409,4.42861,4.42861,0.00000
12:10:17,0.48615,4.50072,4.50072,0.00000
12:10:18,0.43333,4.18178,4.18178,0.00000
12:10:19,0.27569,3.39052,3.39052,0.00000
12:10:20,0.27000,3.37095,3.37095,0.00000
12:10:21,0.25628,3.32655,3.32655,0.00000
12:10:22,0.02500,3.18448,3.18448,0.00000
12:10:23,0.01746,3.23704,3.23704,0.00000
12:10:24,0.01504,3.25626,3.25626,0.00000
12:10:25,0.01504,3.25626,3.25626,0.00000
12:10:26,0.03015,3.15443,3.15443,0.00000
12:10:27,0.03258,3.14175,3.14175,0.00000
12:10:28,0.02256,3.20034,3.20034,0.00000
12:10:29,0.01746,3.23704,3.23704,0.00000
12:10:30,0.01256,3.27721,3.27721,0.00000
12:10:31,0.02250,3.20072,3.20072,0.00000
12:10:32,0.03015,3.15443,3.15443,0.00000
12:10:33,0.01504,3.25626,3.25626,0.00000
12:10:34,0.02494,3.18487,3.18487,0.00000
12:10:35,0.01504,3.25626,3.25626,0.00000
12:10:36,0.01253,3.27748,3.27748,0.00000
12:10:37,0.03258,3.14175,3.14175,0.00000
12:10:38,0.01504,3.25626,3.25626,0.00000
12:10:39,0.00998,3.30055,3.30055,0.00000
12:10:40,0.02256,3.20034,3.20034,0.00000
12:10:41,0.01750,3.23671,3.23671,0.00000
12:10:42,0.01504,3.25626,3.25626,0.00000
12:10:43,0.04010,3.10805,3.10805,0.00000
12:10:44,0.01750,3.23671,3.23671,0.00000
12:10:45,0.01746,3.23704,3.23704,0.00000
12:10:46,0.02010,3.21739,3.21739,0.00000
12:10:47,0.01500,3.25657,3.25657,0.00000
12:10:48,0.03258,3.14175,3.14175,0.00000
12:10:49,0.03500,3.13003,3.13003,0.00000
12:10:50,0.17839,3.13693,3.13693,0.00000
12:10:51,0.27068,3.37325,3.37325,0.00000
12:10:52,0.27569,3.39052,3.39052,0.00000
12:10:53,0.25313,3.31689,3.31689,0.00000
12:10:54,0.27318,3.38181,3.38181,0.00000
12:10:55,0.29323,3.45523,3.45523,0.00000
12:10:56,0.36387,3.78206,3.78206,0.00000
12:10:57,0.46907,4.39836,4.39836,0.00000
12:10:58,0.48485,4.49301,4.49301,0.00000
12:10:59,0.47558,4.43755,4.43755,0.00000
12:11:00,0.47704,4.44632,4.44632,0.00000
12:11:01,0.49370,4.54544,4.54544,0.00000
12:11:02,0.48586,4.49902,4.49902,0.00000
12:11:03,0.47342,4.42456,4.42456,0.00000
12:11:04,0.49118,4.53060,4.53060,0.00000
12:11:05,0.47013,4.40474,4.40474,0.00000
12:11:06,0.45939,4.33976,4.33976,0.00000
12:11:07,0.48196,4.47578,4.47578,0.00000
12:11:08,0.47815,4.45298,4.45298,0.00000
12:11:09,0.48354,4.48522,4.48522,0.00000
12:11:10,0.48593,4.49946,4.49946,0.00000
12:11:11,0.46842,4.39443,4.39443,0.00000
12:11:12,0.49114,4.53034,4.53034,0.00000
12:11:13,0.49242,4.53792,4.53792,0.00000
12:11:14,0.47423,4.42941,4.42941,0.00000
12:11:15,0.44924,4.27816,4.27816,0.00000
12:11:16,0.27500,3.38811,3.38811,0.00000
12:11:17,0.27500,3.38811,3.38811,0.00000
12:11:18,0.19048,3.16058,3.16058,0.00000
12:11:19,0.01250,3.27776,3.27776,0.00000
12:11:20,0.01000,3.30032,3.30032,0.00000
12:11:21,0.01259,3.27693,3.27693,0.00000
12:11:22,0.02256,3.20034,3.20034,0.00000
12:11:23,0.01750,3.23671,3.23671,0.00000
12:11:24,0.01746,3.23704,3.23704,0.00000
12:11:25,0.03518,3.12921,3.12921,0.00000
12:11:26,0.01750,3.23671,3.23671,0.00000
12:11:27,0.01504,3.25626,3.25626,0.00000
12:11:28,0.11500,3.04360,3.04360,0.00000
12:11:29,0.26750,3.36257,3.36257,0.00000
12:11:30,0.20000,3.18051,3.18051,0.00000
12:11:31,0.10769,3.03747,3.03747,0.00000
12:11:32,0.09034,3.02969,3.02969,0.00000
12:11:33,0.10429,3.03513,3.03513,0.00000
12:11:34,0.27569,3.39052,3.39052,0.00000
12:11:35,0.25750,3.33034,3.33034,0.00000
12:11:36,0.27136,3.37556,3.37556,0.00000
12:11:37,0.30000,3.48198,3.48198,0.00000
12:11:38,0.47208,4.41652,4.41652,0.00000
12:11:39,0.47449,4.43099,4.43099,0.00000
12:11:40,0.47532,4.43601,4.43601,0.00000
12:11:41,0.47727,4.44772,4.44772,0.00000
12:11:42,0.47583,4.43904,4.43904,0.00000
12:11:43,0.48214,4.47687,4.47687,0.00000
12:11:44,0.48985,4.52270,4.52270,0.00000
12:11:45,0.47013,4.40474,4.40474,0.00000
12:11:46,0.48866,4.51567,4.51567,0.00000
12:11:47,0.48232,4.47793,4.47793,0.00000
12:11:48,0.46154,4.35278,4.35278,0.00000
12:11:49,0.46036,4.34563,4.34563,0.00000
12:11:50,0.48371,4.48620,4.48620,0.00000
12:11:51,0.47558,4.43755,4.43755,0.00000
12:11:52,0.49373,4.54566,4.54566,0.00000
12:11:53,0.48338,4.48422,4.48422,0.00000
12:11:54,0.48354,4.48522,4.48522,0.00000
12:11:55,0.48338,4.48422,4.48422,0.00000
12:11:56,0.48608,4.50032,4.50032,0.00000
12:11:57,0.34091,3.66478,3.66478,0.00000
12:11:58,0.27182,3.37714,3.37714,0.00000
12:11:59,0.21303,3.20977,3.20977,0.00000
12:12:00,0.01750,3.23671,3.23671,0.00000
12:12:01,0.02005,3.21775,3.21775,0.00000
12:12:02,0.02000,3.21811,3.21811,0.00000
12:12:03,0.00251,3.37688,3.37688,0.00000
12:12:04,0.02494,3.18487,3.18487,0.00000
12:12:05,0.01504,3.25626,3.25626,0.00000
12:12:06,0.03250,3.14216,3.14216,0.00000
12:12:07,0.02005,3.21775,3.21775,0.00000
12:12:08,0.01504,3.25626,3.25626,0.00000
12:12:09,0.07000,3.03805,3.03805,0.00000
12:12:10,0.28463,3.42268,3.42268,0.00000
12:12:11,0.16500,3.11274,3.11274,0.00000
12:12:12,0.01250,3.27776,3.27776,0.00000
12:12:13,0.01750,3.23671,3.23671,0.00000
12:12:14,0.01003,3.30009,3.30009,0.00000
12:12:15,0.00752,3.32415,3.32415,0.00000
12:12:16,0.02513,3.18369,3.18369,0.00000
12:12:17,0.01250,3.27776,3.27776,0.00000
12:12:18,0.00752,3.32415,3.32415,0.00000
12:12:19,0.01995,3.21847,3.21847,0.00000
12:12:20,0.01003,3.30009,3.30009,0.00000
12:12:21,0.01504,3.25626,3.25626,0.00000
12:12:22,0.00756,3.32377,3.32377,0.00000
12:12:23,0.04337,3.09579,3.09579,0.00000
12:12:24,0.08333,3.03002,3.03002,0.00000
12:12:25,0.36735,3.80065,3.80065,0.00000
12:12:26,0.08883,3.02957,3.02957,0.00000
12:12:27,0.11538,3.04396,3.04396,0.00000
12:12:28,0.12821,3.05787,3.05787,0.00000
12:12:29,0.03030,3.15361,3.15361,0.00000
12:12:30,0.04835,3.07961,3.07961,0.00000
12:12:31,0.13854,3.07133,3.07133,0.00000
12:12:32,0.37371,3.83514,3.83514,0.00000
12:12:33,0.27778,3.39787,3.39787,0.00000
12:12:34,0.37913,3.86503,3.86503,0.00000
12:12:35,0.11055,3.03970,3.03970,0.00000
12:12:36,0.13924,3.07231,3.07231,0.00000
12:12:37,0.10859,3.03814,3.03814,0.00000
12:12:38,0.19231,3.16432,3.16432,0.00000
12:12:39,0.13706,3.06929,3.06929,0.00000
12:12:40,0.12468,3.05371,3.05371,0.00000
12:12:41,0.08608,3.02961,3.02961,0.00000
12:12:42,0.20455,3.19044,3.19044,0.00000
12:12:43,0.09296,3.03014,3.03014,0.00000
12:12:44,0.09726,3.03148,3.03148,0.00000
12:12:45,0.18227,3.14432,3.14432,0.00000
12:12:46,0.02750,3.16934,3.16934,0.00000
12:12:47,0.03457,3.13206,3.13206,0.00000
12:12:48,0.02256,3.20034,3.20034,0.00000
12:12:49,0.03778,3.11759,3.11759,0.00000
12:12:50,0.05276,3.06758,3.06758,0.00000
12:12:51,0.12343,3.05228,3.05228,0.00000
12:12:52,0.28000,3.40580,3.40580,0.00000
12:12:53,0.26952,3.36934,3.36934,0.00000
12:12:54,0.30303,3.49429,3.49429,0.00000
12:12:55,0.06015,3.05181,3.05181,0.00000
12:12:56,0.02750,3.16934,3.16934,0.00000
12:12:57,0.02757,3.16894,3.16894,0.00000
12:12:58,0.02506,3.18408,3.18408,0.00000
12:12:59,0.02030,3.21593,3.21593,0.00000
12:13:00,0.07848,3.03172,3.03172,0.00000
12:13:01,0.04810,3.08034,3.08034,0.00000
12:13:02,0.04061,3.10605,3.10605,0.00000
12:13:03,0.03778,3.11759,3.11759,0.00000
12:13:04,0.03544,3.12797,3.12797,0.00000
12:13:05,0.06616,3.04252,3.04252,0.00000
12:13:06,0.04030,3.10725,3.10725,0.00000
12:13:07,0.03000,3.15525,3.15525,0.00000
12:13:08,0.01759,3.23603,3.23603,0.00000
12:13:09,0.06266,3.04758,3.04758,0.00000
12:13:10,0.06983,3.03823,3.03823,0.00000
12:13:11,0.18734,3.15427,3.15427,0.00000
12:13:12,0.02778,3.16772,3.16772,0.00000
12:13:13,0.10804,3.03773,3.03773,0.00000
12:13:14,0.02488,3.18526,3.18526,0.00000
12:13:15,0.02000,3.21811,3.21811,0.00000
12:13:16,0.24000,3.27869,3.27869,0.00000
12:13:17,0.27820,3.39936,3.39936,0.00000
12:13:18,0.26817,3.36481,3.36481,0.00000
12:13:19,0.27750,3.39689,3.39689,0.00000
12:13:20,0.26700,3.36092,3.36092,0.00000
12:13:21,0.30730,3.51200,3.51200,0.00000
12:13:22,0.33249,3.62431,3.62431,0.00000
12:13:23,0.27000,3.37095,3.37095,0.00000
12:13:24,0.27068,3.37325,3.37325,0.00000
12:13:25,0.29925,3.47898,3.47898,0.00000
12:13:26,0.22133,3.22971,3.22971,0.00000
12:13:27,0.08411,3.02987,3.02987,0.00000
12:13:28,0.07187,3.03625,3.03625,0.00000
12:13:29,0.09375,3.03033,3.03033,0.00000
12:13:30,0.19722,3.17457,3.17457,0.00000
12:13:31,0.12766,3.05721,3.05721,0.00000
12:13:32,0.20879,3.19998,3.19998,0.00000
12:13:33,0.26817,3.36481,3.36481,0.00000
12:13:34,0.28180,3.41229,3.41229,0.00000
12:13:35,0.30100,3.48601,3.48601,0.00000
12:13:36,0.37659,3.85096,3.85096,0.00000
12:13:37,0.49370,4.54544,4.54544,0.00000
12:13:38,0.49257,4.53881,4.53881,0.00000
12:13:39,0.47583,4.43904,4.43904,0.00000
12:13:40,0.48731,4.50766,4.50766,0.00000
12:13:41,0.45812,4.33204,4.33204,0.00000
12:13:42,0.48866,4.51567,4.51567,0.00000
12:13:43,0.47704,4.44632,4.44632,0.00000
12:13:44,0.48756,4.50915,4.50915,0.00000
12:13:45,0.47570,4.43829,4.43829,0.00000
12:13:46,0.48329,4.48372,4.48372,0.00000
12:13:47,0.48329,4.48372,4.48372,0.00000
12:13:48,0.47150,4.41301,4.41301,0.00000
12:13:49,0.47558,4.43755,4.43755,0.00000
12:13:50,0.47583,4.43904,4.43904,0.00000
12:13:51,0.47150,4.41301,4.41301,0.00000
12:13:52,0.47906,4.45842,4.45842,0.00000
12:13:53,0.47704,4.44632,4.44632,0.00000
12:13:54,0.45876,4.33597,4.33597,0.00000
12:13:55,0.41294,4.05958,4.05958,0.00000
12:13:56,0.27638,3.39295,3.39295,0.00000
12:13:57,0.27068,3.37325,3.37325,0.00000
12:13:58,0.21696,3.21907,3.21907,0.00000
12:13:59,0.01508,3.25595,3.25595,0.00000
12:14:00,0.01504,3.25626,3.25626,0.00000
12:14:01,0.03000,3.15525,3.15525,0.00000
12:14:02,0.03518,3.12921,3.12921,0.00000
12:14:03,0.01746,3.23704,3.23704,0.00000
12:14:04,0.02010,3.21739,3.21739,0.00000
12:14:05,0.01746,3.23704,3.23704,0.00000
12:14:06,0.01750,3.23671,3.23671,0.00000
12:14:07,0.03500,3.13003,3.13003,0.00000
12:14:08,0.09500,3.03069,3.03069,0.00000
12:14:09,0.26065,3.34028,3.34028,0.00000
12:14:10,0.16522,3.11311,3.11311,0.00000
12:14:11,0.25385,3.31906,3.31906,0.00000
12:14:12,0.26817,3.36481,3.36481,0.00000
12:14:13,0.27889,3.40184,3.40184,0.00000
12:14:14,0.27820,3.39936,3.39936,0.00000
12:14:15,0.35910,3.75694,3.75694,0.00000
12:14:16,0.48974,4.52209,4.52209,0.00000
12:14:17,0.47028,4.40567,4.40567,0.00000
12:14:18,0.49495,4.55280,4.55280,0.00000
12:14:19,0.47105,4.41032,4.41032,0.00000
12:14:20,0.47165,4.41391,4.41391,0.00000
12:14:21,0.48995,4.52330,4.52330,0.00000
12:14:22,0.46015,4.34441,4.34441,0.00000
12:14:23,0.49370,4.54544,4.54544,0.00000
12:14:24,0.49624,4.56039,4.56039,0.00000
12:14:25,0.49492,4.55264,4.55264,0.00000
12:14:26,0.49109,4.53008,4.53008,0.00000
12:14:27,0.48232,4.47793,4.47793,0.00000
12:14:28,0.48724,4.50725,4.50725,0.00000
12:14:29,0.48737,4.50804,4.50804,0.00000
12:14:30,0.47044,4.40658,4.40658,0.00000
12:14:31,0.47792,4.45160,4.45160,0.00000
12:14:32,0.46373,4.36606,4.36606,0.00000
12:14:33,0.47287,4.42124,4.42124,0.00000
12:14:34,0.43734,4.20601,4.20601,0.00000
12:14:35,0.26368,3.35002,3.35002,0.00000
12:14:36,0.26633,3.35870,3.35870,0.00000
12:14:37,0.19750,3.17516,3.17516,0.00000
12:14:38,0.01746,3.23704,3.23704,0.00000
12:14:39,0.01750,3.23671,3.23671,0.00000
12:14:40,0.02256,3.20034,3.20034,0.00000
12:14:41,0.01750,3.23671,3.23671,0.00000
12:14:42,0.01500,3.25657,3.25657,0.00000
12:14:43,0.03759,3.11840,3.11840,0.00000
12:14:44,0.01504,3.25626,3.25626,0.00000
12:14:45,0.01504,3.25626,3.25626,0.00000
12:14:46,0.02250,3.20072,3.20072,0.00000
12:14:47,0.10804,3.03773,3.03773,0.00000
12:14:48,0.27000,3.37095,3.37095,0.00000
12:14:49,0.16524,3.11316,3.11316,0.00000
12:14:50,0.09317,3.03019,3.03019,0.00000
12:14:51,0.13120,3.06158,3.06158,0.00000
12:14:52,0.28321,3.41744,3.41744,0.00000
12:14:53,0.26817,3.36481,3.36481,0.00000
12:14:54,0.28180,3.41229,3.41229,0.00000
12:14:55,0.29397,3.45809,3.45809,0.00000
12:14:56,0.47970,4.46223,4.46223,0.00000
12:14:57,0.46907,4.39836,4.39836,0.00000
12:14:58,0.47558,4.43755,4.43755,0.00000
12:14:59,0.48082,4.46897,4.46897,0.00000
12:15:00,0.48883,4.51669,4.51669,0.00000
12:15:01,0.48990,4.52299,4.52299,0.00000
12:15:02,0.47558,4.43755,4.43755,0.00000
12:15:03,0.48995,4.52330,4.52330,0.00000
12:15:04,0.47880,4.45688,4.45688,0.00000
12:15:05,0.46615,4.38069,4.38069,0.00000
12:15:06,0.47949,4.46099,4.46099,0.00000
12:15:07,0.49492,4.55264,4.55264,0.00000
12:15:08,0.47804,4.45229,4.45229,0.00000
12:15:09,0.46494,4.37335,4.37335,0.00000
12:15:10,0.46939,4.40027,4.40027,0.00000
12:15:11,0.48622,4.50112,4.50112,0.00000
12:15:12,0.48214,4.47687,4.47687,0.00000
12:15:13,0.47848,4.45497,4.45497,0.00000
12:15:14,0.48990,4.52299,4.52299,0.00000
12:15:15,0.32071,3.57007,3.57007,0.00000
12:15:16,0.27387,3.38419,3.38419,0.00000
12:15:17,0.18797,3.15553,3.15553,0.00000
12:15:18,0.01500,3.25657,3.25657,0.00000
12:15:19,0.02494,3.18487,3.18487,0.00000
12:15:20,0.01256,3.27721,3.27721,0.00000
12:15:21,0.01504,3.25626,3.25626,0.00000
12:15:22,0.02256,3.20034,3.20034,0.00000
12:15:23,0.01750,3.23671,3.23671,0.00000
12:15:24,0.03008,3.15484,3.15484,0.00000
12:15:25,0.02250,3.20072,3.20072,0.00000
12:15:26,0.01504,3.25626,3.25626,0.00000
12:15:27,0.08020,3.03097,3.03097,0.00000
12:15:28,0.27250,3.37947,3.37947,0.00000
12:15:29,0.16708,3.11636,3.11636,0.00000
12:15:30,0.00752,3.32415,3.32415,0.00000
12:15:31,0.01504,3.25626,3.25626,0.00000
12:15:32,0.01250,3.27776,3.27776,0.00000
12:15:33,0.00752,3.32415,3.32415,0.00000
12:15:34,0.05750,3.05688,3.05688,0.00000
12:15:35,0.25683,3.32825,3.32825,0.00000
12:15:36,0.21833,3.22237,3.22237,0.00000
12:15:37,0.26154,3.34311,3.34311,0.00000
12:15:38,0.23016,3.25213,3.25213,0.00000
12:15:39,0.22193,3.23118,3.23118,0.00000
12:15:40,0.23016,3.25213,3.25213,0.00000
12:15:41,0.23733,3.27132,3.27132,0.00000
12:15:42,0.23077,3.25372,3.25372,0.00000
12:15:43,0.29973,3.48092,3.48092,0.00000
12:15:44,0.22606,3.24157,3.24157,0.00000
12:15:45,0.21351,3.21090,3.21090,0.00000
12:15:46,0.24011,3.27898,3.27898,0.00000
12:15:47,0.27296,3.38104,3.38104,0.00000
12:15:48,0.27500,3.38811,3.38811,0.00000
12:15:49,0.17379,3.12838,3.12838,0.00000
12:15:50,0.08385,3.02992,3.02992,0.00000
12:15:51,0.11078,3.03988,3.03988,0.00000
12:15:52,0.27500,3.38811,3.38811,0.00000
12:15:53,0.27318,3.38181,3.38181,0.00000
12:15:54,0.28250,3.41485,3.41485,0.00000
12:15:55,0.27318,3.38181,3.38181,0.00000
12:15:56,0.48223,4.47742,4.47742,0.00000
12:15:57,0.48601,4.49991,4.49991,0.00000
12:15:58,0.48737,4.50804,4.50804,0.00000
12:15:59,0.48608,4.50032,4.50032,0.00000
12:16:00,0.46907,4.39836,4.39836,0.00000
12:16:01,0.48214,4.47687,4.47687,0.00000
12:16:02,0.48718,4.50687,4.50687,0.00000
12:16:03,0.47704,4.44632,4.44632,0.00000
12:16:04,0.45714,4.32613,4.32613,0.00000
12:16:05,0.48750,4.50878,4.50878,0.00000
12:16:06,0.48601,4.49991,4.49991,0.00000
12:16:07,0.47949,4.46099,4.46099,0.00000
12:16:08,0.49749,4.56771,4.56771,0.00000
12:16:09,0.47837,4.45432,4.45432,0.00000
12:16:10,0.48843,4.51432,4.51432,0.00000
12:16:11,0.48866,4.51567,4.51567,0.00000
12:16:12,0.48615,4.50072,4.50072,0.00000
12:16:13,0.49616,4.55994,4.55994,0.00000
12:16:14,0.46373,4.36606,4.36606,0.00000
12:16:15,0.30151,3.48808,3.48808,0.00000
12:16:16,0.27930,3.40330,3.40330,0.00000
12:16:17,0.25879,3.33440,3.33440,0.00000
12:16:18,0.05000,3.07486,3.07486,0.00000
12:16:19,0.01750,3.23671,3.23671,0.00000
12:16:20,0.02250,3.20072,3.20072,0.00000
12:16:21,0.01504,3.25626,3.25626,0.00000
12:16:22,0.02256,3.20034,3.20034,0.00000
12:16:23,0.01995,3.21847,3.21847,0.00000
12:16:24,0.01750,3.23671,3.23671,0.00000
12:16:25,0.03500,3.13003,3.13003,0.00000
12:16:26,0.01504,3.25626,3.25626,0.00000
12:16:27,0.01750,3.23671,3.23671,0.00000
12:16:28,0.24747,3.30003,3.30003,0.00000
12:16:29,0.27889,3.40184,3.40184,0.00000
12:16:30,0.26933,3.36868,3.36868,0.00000
12:16:31,0.28070,3.40832,3.40832,0.00000
12:16:32,0.26633,3.35870,3.35870,0.00000
12:16:33,0.29323,3.45523,3.45523,0.00000
12:16:34,0.41162,4.05177,4.05177,0.00000
12:16:35,0.48990,4.52299,4.52299,0.00000
12:16:36,0.46373,4.36606,4.36606,0.00000
12:16:37,0.49370,4.54544,4.54544,0.00000
12:16:38,0.48985,4.52270,4.52270,0.00000
12:16:39,0.47804,4.45229,4.45229,0.00000
12:16:40,0.48072,4.46838,4.46838,0.00000
12:16:41,0.47558,4.43755,4.43755,0.00000
12:16:42,0.48092,4.46954,4.46954,0.00000
12:16:43,0.48062,4.46778,4.46778,0.00000
12:16:44,0.48485,4.49301,4.49301,0.00000
12:16:45,0.48872,4.51603,4.51603,0.00000
12:16:46,0.46939,4.40027,4.40027,0.00000
12:16:47,0.47545,4.43678,4.43678,0.00000
12:16:48,0.46753,4.38905,4.38905,0.00000
12:16:49,0.48980,4.52239,4.52239,0.00000
12:16:50,0.47013,4.40474,4.40474,0.00000
12:16:51,0.47423,4.42941,4.42941,0.00000
12:16:52,0.47680,4.44491,4.44491,0.00000
12:16:53,0.37500,3.84221,3.84221,0.00000
12:16:54,0.27000,3.37095,3.37095,0.00000
12:16:55,0.27000,3.37095,3.37095,0.00000
12:16:56,0.08250,3.03023,3.03023,0.00000
12:16:57,0.01504,3.25626,3.25626,0.00000
12:16:58,0.02494,3.18487,3.18487,0.00000
12:16:59,0.01759,3.23603,3.23603,0.00000
12:17:00,0.00750,3.32433,3.32433,0.00000
12:17:01,0.03483,3.13084,3.13084,0.00000
12:17:02,0.04071,3.10564,3.10564,0.00000
12:17:03,0.01746,3.23704,3.23704,0.00000
12:17:04,0.02010,3.21739,3.21739,0.00000
12:17:05,0.01504,3.25626,3.25626,0.00000
12:17:06,0.03250,3.14216,3.14216,0.00000
12:17:07,0.03518,3.12921,3.12921,0.00000
12:17:08,0.01504,3.25626,3.25626,0.00000
12:17:09,0.01750,3.23671,3.23671,0.00000
12:17:10,0.02250,3.20072,3.20072,0.00000
12:17:11,0.01750,3.23671,3.23671,0.00000
12:17:12,0.03000,3.15525,3.15525,0.00000
12:17:13,0.01504,3.25626,3.25626,0.00000
12:17:14,0.01000,3.30032,3.30032,0.00000
12:17:15,0.01253,3.27748,3.27748,0.00000
12:17:16,0.02256,3.20034,3.20034,0.00000
12:17:17,0.01504,3.25626,3.25626,0.00000
12:17:18,0.03015,3.15443,3.15443,0.00000
12:17:19,0.02010,3.21739,3.21739,0.00000
12:17:20,0.01750,3.23671,3.23671,0.00000
12:17:21,0.01504,3.25626,3.25626,0.00000
12:17:22,0.02256,3.20034,3.20034,0.00000
12:17:23,0.02750,3.16934,3.16934,0.00000
12:17:24,0.01256,3.27721,3.27721,0.00000
12:17:25,0.21805,3.22169,3.22169,0.00000
12:17:26,0.20166,3.18410,3.18410,0.00000
12:17:27,0.09034,3.02969,3.02969,0.00000
12:17:28,0.12346,3.05232,3.05232,0.00000
12:17:29,0.17631,3.13303,3.13303,0.00000
12:17:30,0.20924,3.20100,3.20100,0.00000
12:17:31,0.27569,3.39052,3.39052,0.00000
12:17:32,0.27000,3.37095,3.37095,0.00000
12:17:33,0.30576,3.50557,3.50557,0.00000
12:17:34,0.40051,3.98662,3.98662,0.00000
12:17:35,0.48338,4.48422,4.48422,0.00000
12:17:36,0.48985,4.52270,4.52270,0.00000
12:17:37,0.47449,4.43099,4.43099,0.00000
12:17:38,0.48737,4.50804,4.50804,0.00000
12:17:39,0.47619,4.44122,4.44122,0.00000
12:17:40,0.47301,4.42207,4.42207,0.00000
12:17:41,0.49370,4.54544,4.54544,0.00000
12:17:42,0.47236,4.41819,4.41819,0.00000
12:17:43,0.47135,4.41211,4.41211,0.00000
12:17:44,0.46770,4.39008,4.39008,0.00000
12:17:45,0.46753,4.38905,4.38905,0.00000
12:17:46,0.49746,4.56753,4.56753,0.00000
12:17:47,0.47607,4.44050,4.44050,0.00000
12:17:48,0.47848,4.45497,4.45497,0.00000
12:17:49,0.47059,4.40751,4.40751,0.00000
12:17:50,0.47315,4.42292,4.42292,0.00000
12:17:51,0.47959,4.46162,4.46162,0.00000
12:17:52,0.46875,4.39641,4.39641,0.00000
12:17:53,0.41310,4.06054,4.06054,0.00000
12:17:54,0.27000,3.37095,3.37095,0.00000
12:17:55,0.27318,3.38181,3.38181,0.00000
12:17:56,0.00000,3.40568,3.40568,0.00000
12:17:57,0.01754,3.23637,3.23637,0.00000
12:17:58,0.01750,3.23671,3.23671,0.00000
12:17:59,0.03258,3.14175,3.14175,0.00000
12:18:00,0.01500,3.25657,3.25657,0.00000
12:18:01,0.02250,3.20072,3.20072,0.00000
12:18:02,0.01759,3.23603,3.23603,0.00000
12:18:03,0.01500,3.25657,3.25657,0.00000
12:18:04,0.03000,3.15525,3.15525,0.00000
12:18:05,0.02005,3.21775,3.21775,0.00000
12:18:06,0.27750,3.39689,3.39689,0.00000
12:18:07,0.20101,3.18268,3.18268,0.00000
12:18:08,0.01750,3.23671,3.23671,0.00000
12:18:09,0.01754,3.23637,3.23637,0.00000
12:18:10,0.03258,3.14175,3.14175,0.00000
12:18:11,0.01500,3.25657,3.25657,0.00000
12:18:12,0.00752,3.32415,3.32415,0.00000
12:18:13,0.02500,3.18448,3.18448,0.00000
12:18:14,0.17750,3.13525,3.13525,0.00000
12:18:15,0.26884,3.36706,3.36706,0.00000
12:18:16,0.27750,3.39689,3.39689,0.00000
12:18:17,0.26884,3.36706,3.36706,0.00000
12:18:18,0.26884,3.36706,3.36706,0.00000
12:18:19,0.26884,3.36706,3.36706,0.00000
12:18:20,0.33333,3.62829,3.62829,0.00000
12:18:21,0.26633,3.35870,3.35870,0.00000
12:18:22,0.28000,3.40580,3.40580,0.00000
12:18:23,0.28463,3.42268,3.42268,0.00000
12:18:24,0.27792,3.39836,3.39836,0.00000
12:18:25,0.11315,3.04192,3.04192,0.00000
12:18:26,0.09034,3.02969,3.02969,0.00000
12:18:27,0.17514,3.13086,3.13086,0.00000
12:18:28,0.08723,3.02955,3.02955,0.00000
12:18:29,0.22427,3.23704,3.23704,0.00000
12:18:30,0.27182,3.37714,3.37714,0.00000
12:18:31,0.27889,3.40184,3.40184,0.00000
12:18:32,0.28141,3.41088,3.41088,0.00000
12:18:33,0.43401,4.18586,4.18586,0.00000
12:18:34,0.47949,4.46099,4.46099,0.00000
12:18:35,0.48232,4.47793,4.47793,0.00000
12:18:36,0.46753,4.38905,4.38905,0.00000
12:18:37,0.50000,4.58239,4.58239,0.00000
12:18:38,0.47462,4.43177,4.43177,0.00000
12:18:39,0.46494,4.37335,4.37335,0.00000
12:18:40,0.48062,4.46778,4.46778,0.00000
12:18:41,0.46770,4.39008,4.39008,0.00000
12:18:42,0.46154,4.35278,4.35278,0.00000
12:18:43,0.49497,4.55296,4.55296,0.00000
12:18:44,0.47558,4.43755,4.43755,0.00000
12:18:45,0.47449,4.43099,4.43099,0.00000
12:18:46,0.47704,4.44632,4.44632,0.00000
12:18:47,0.48462,4.49162,4.49162,0.00000
12:18:48,0.48092,4.46954,4.46954,0.00000
12:18:49,0.49624,4.56039,4.56039,0.00000
12:18:50,0.48082,4.46897,4.46897,0.00000
12:18:51,0.48354,4.48522,4.48522,0.00000
12:18:52,0.34761,3.69799,3.69799,0.00000
12:18:53,0.26750,3.36257,3.36257,0.00000
12:18:54,0.26884,3.36706,3.36706,0.00000
12:18:55,0.13500,3.06652,3.06652,0.00000
12:18:56,0.00501,3.34972,3.34972,0.00000
12:18:57,0.01500,3.25657,3.25657,0.00000
12:18:58,0.01754,3.23637,3.23637,0.00000
12:18:59,0.01504,3.25626,3.25626,0.00000
12:19:00,0.01504,3.25626,3.25626,0.00000
12:19:01,0.02506,3.18408,3.18408,0.00000
12:19:02,0.03491,3.13043,3.13043,0.00000
12:19:03,0.01504,3.25626,3.25626,0.00000
12:19:04,0.02005,3.21775,3.21775,0.00000
12:19:05,0.17750,3.13525,3.13525,0.00000
12:19:06,0.27363,3.38336,3.38336,0.00000
12:19:07,0.27960,3.40435,3.40435,0.00000
12:19:08,0.27000,3.37095,3.37095,0.00000
12:19:09,0.26817,3.36481,3.36481,0.00000
12:19:10,0.28571,3.42668,3.42668,0.00000
12:19:11,0.38071,3.87380,3.87380,0.00000
12:19:12,0.47692,4.44561,4.44561,0.00000
12:19:13,0.48223,4.47742,4.47742,0.00000
12:19:14,0.48214,4.47687,4.47687,0.00000
12:19:15,0.47487,4.43333,4.43333,0.00000
12:19:16,0.47644,4.44271,4.44271,0.00000
12:19:17,0.47028,4.40567,4.40567,0.00000
12:19:18,0.48214,4.47687,4.47687,0.00000
12:19:19,0.48980,4.52239,4.52239,0.00000
12:19:20,0.47815,4.45298,4.45298,0.00000
12:19:21,0.48196,4.47578,4.47578,0.00000
12:19:22,0.48586,4.49902,4.49902,0.00000
12:19:23,0.47792,4.45160,4.45160,0.00000
12:19:24,0.47118,4.41105,4.41105,0.00000
12:19:25,0.48092,4.46954,4.46954,0.00000
12:19:26,0.48338,4.48422,4.48422,0.00000
12:19:27,0.49500,4.55309,4.55309,0.00000
12:19:28,0.49747,4.56763,4.56763,0.00000
12:19:29,0.47815,4.45298,4.45298,0.00000
12:19:30,0.43216,4.17471,4.17471,0.00000
12:19:31,0.27820,3.39936,3.39936,0.00000
12:19:32,0.26817,3.36481,3.36481,0.00000
12:19:33,0.14750,3.08433,3.08433,0.00000
12:19:34,0.02500,3.18448,3.18448,0.00000
12:19:35,0.01500,3.25657,3.25657,0.00000
12:19:36,0.01508,3.25595,3.25595,0.00000
12:19:37,0.03015,3.15443,3.15443,0.00000
12:19:38,0.00750,3.32433,3.32433,0.00000
12:19:39,0.01500,3.25657,3.25657,0.00000
12:19:40,0.02010,3.21739,3.21739,0.00000
12:19:41,0.01746,3.23704,3.23704,0.00000
12:19:42,0.01504,3.25626,3.25626,0.00000
12:19:43,0.16332,3.10984,3.10984,0.00000
12:19:44,0.26817,3.36481,3.36481,0.00000
12:19:45,0.12575,3.05494,3.05494,0.00000
12:19:46,0.09657,3.03122,3.03122,0.00000
12:19:47,0.15607,3.09777,3.09777,0.00000
12:19:48,0.27068,3.37325,3.37325,0.00000
12:19:49,0.27431,3.38573,3.38573,0.00000
12:19:50,0.28571,3.42668,3.42668,0.00000
12:19:51,0.28392,3.42004,3.42004,0.00000
12:19:52,0.47704,4.44632,4.44632,0.00000
12:19:53,0.48872,4.51603,4.51603,0.00000
12:19:54,0.47449,4.43099,4.43099,0.00000
12:19:55,0.48338,4.48422,4.48422,0.00000
12:19:56,0.48092,4.46954,4.46954,0.00000
12:19:57,0.48205,4.47633,4.47633,0.00000
12:19:58,0.49123,4.53085,4.53085,0.00000
12:19:59,0.48866,4.51567,4.51567,0.00000
12:20:00,0.47959,4.46162,4.46162,0.00000
12:20:01,0.48571,4.49817,4.49817,0.00000
12:20:02,0.47970,4.46223,4.46223,0.00000
12:20:03,0.47815,4.45298,4.45298,0.00000
12:20:04,0.47692,4.44561,4.44561,0.00000
12:20:05,0.48985,4.52270,4.52270,0.00000
12:20:06,0.47059,4.40751,4.40751,0.00000
12:20:07,0.47570,4.43829,4.43829,0.00000
12:20:08,0.49242,4.53792,4.53792,0.00000
12:20:09,0.46649,4.38279,4.38279,0.00000
12:20:10,0.49123,4.53085,4.53085,0.00000
12:20:11,0.29648,3.46795,3.46795,0.00000
12:20:12,0.27000,3.37095,3.37095,0.00000
12:20:13,0.16040,3.10491,3.10491,0.00000
12:20:14,0.01750,3.23671,3.23671,0.00000
12:20:15,0.01256,3.27721,3.27721,0.00000
12:20:16,0.01750,3.23671,3.23671,0.00000
12:20:17,0.02256,3.20034,3.20034,0.00000
12:20:18,0.02757,3.16894,3.16894,0.00000
12:20:19,0.02000,3.21811,3.21811,0.00000
12:20:20,0.02010,3.21739,3.21739,0.00000
12:20:21,0.00499,3.34998,3.34998,0.00000
12:20:22,0.02005,3.21775,3.21775,0.00000
12:20:23,0.01504,3.25626,3.25626,0.00000
12:20:24,0.03258,3.14175,3.14175,0.00000
12:20:25,0.02256,3.20034,3.20034,0.00000
12:20:26,0.01746,3.23704,3.23704,0.00000
12:20:27,0.01504,3.25626,3.25626,0.00000
12:20:28,0.02256,3.20034,3.20034,0.00000
12:20:29,0.03008,3.15484,3.15484,0.00000
12:20:30,0.01504,3.25626,3.25626,0.00000
12:20:31,0.01500,3.25657,3.25657,0.00000
12:20:32,0.02743,3.16974,3.16974,0.00000
12:20:33,0.01504,3.25626,3.25626,0.00000
12:20:34,0.04500,3.09016,3.09016,0.00000
12:20:35,0.01253,3.27748,3.27748,0.00000
12:20:36,0.00250,3.37695,3.37695,0.00000
12:20:37,0.02005,3.21775,3.21775,0.00000
12:20:38,0.01746,3.23704,3.23704,0.00000
12:20:39,0.01754,3.23637,3.23637,0.00000
12:20:40,0.03750,3.11880,3.11880,0.00000
12:20:41,0.01750,3.23671,3.23671,0.00000
12:20:42,0.03759,3.11840,3.11840,0.00000
12:20:43,0.27068,3.37325,3.37325,0.00000
12:20:44,0.21000,3.20274,3.20274,0.00000
12:20:45,0.02250,3.20072,3.20072,0.00000
12:20:46,0.01504,3.25626,3.25626,0.00000
12:20:47,0.01247,3.27803,3.27803,0.00000
12:20:48,0.00752,3.32415,3.32415,0.00000
12:20:49,0.01750,3.23671,3.23671,0.00000
12:20:50,0.02010,3.21739,3.21739,0.00000
12:20:51,0.01000,3.30032,3.30032,0.00000
12:20:52,0.01504,3.25626,3.25626,0.00000
12:20:53,0.01247,3.27803,3.27803,0.00000
12:20:54,0.00998,3.30055,3.30055,0.00000
12:20:55,0.00251,3.37688,3.37688,0.00000
12:20:56,0.03266,3.14134,3.14134,0.00000
12:20:57,0.01759,3.23603,3.23603,0.00000
12:20:58,0.02261,3.19996,3.19996,0.00000
12:20:59,0.01250,3.27776,3.27776,0.00000
12:21:00,0.00752,3.32415,3.32415,0.00000
12:21:01,0.02250,3.20072,3.20072,0.00000
12:21:02,0.00752,3.32415,3.32415,0.00000
12:21:03,0.02005,3.21775,3.21775,0.00000
12:21:04,0.01995,3.21847,3.21847,0.00000
12:21:05,0.01000,3.30032,3.30032,0.00000
12:21:06,0.01000,3.30032,3.30032,0.00000
12:21:07,0.01504,3.25626,3.25626,0.00000
12:21:08,0.01754,3.23637,3.23637,0.00000
12:21:09,0.02494,3.18487,3.18487,0.00000
12:21:10,0.01493,3.25718,3.25718,0.00000
12:21:11,0.01504,3.25626,3.25626,0.00000
12:21:12,0.00752,3.32415,3.32415,0.00000
12:21:13,0.01750,3.23671,3.23671,0.00000
12:21:14,0.02000,3.21811,3.21811,0.00000
12:21:15,0.01256,3.27721,3.27721,0.00000
12:21:16,0.01500,3.25657,3.25657,0.00000
12:21:17,0.01003,3.30009,3.30009,0.00000
12:21:18,0.01000,3.30032,3.30032,0.00000
12:21:19,0.01504,3.25626,3.25626,0.00000
12:21:20,0.00752,3.32415,3.32415,0.00000
12:21:21,0.02005,3.21775,3.21775,0.00000
12:21:22,0.01003,3.30009,3.30009,0.00000
12:21:23,0.01504,3.25626,3.25626,0.00000
12:21:24,0.01247,3.27803,3.27803,0.00000
12:21:25,0.00754,3.32396,3.32396,0.00000
12:21:26,0.02757,3.16894,3.16894,0.00000
12:21:27,0.01000,3.30032,3.30032,0.00000
12:21:28,0.01504,3.25626,3.25626,0.00000
12:21:29,0.01000,3.30032,3.30032,0.00000
12:21:30,0.01000,3.30032,3.30032,0.00000
12:21:31,0.02757,3.16894,3.16894,0.00000
12:21:32,0.01000,3.30032,3.30032,0.00000
12:21:33,0.16967,3.12093,3.12093,0.00000
12:21:34,0.21409,3.21226,3.21226,0.00000
12:21:35,0.22872,3.24839,3.24839,0.00000
12:21:36,0.24675,3.29792,3.29792,0.00000
12:21:37,0.21842,3.22259,3.22259,0.00000
12:21:38,0.23483,3.26452,3.26452,0.00000
12:21:39,0.22252,3.23265,3.23265,0.00000
12:21:40,0.23262,3.25861,3.25861,0.00000
12:21:41,0.29843,3.47569,3.47569,0.00000
12:21:42,0.22460,3.23786,3.23786,0.00000
12:21:43,0.21798,3.22154,3.22154,0.00000
12:21:44,0.23158,3.25585,3.25585,0.00000
12:21:45,0.23324,3.26027,3.26027,0.00000
12:21:46,0.28321,3.41744,3.41744,0.00000
12:21:47,0.20000,3.18051,3.18051,0.00000
12:21:48,0.18234,3.14445,3.14445,0.00000
12:21:49,0.08464,3.02978,3.02978,0.00000
12:21:50,0.21253,3.20861,3.20861,0.00000
12:21:51,0.27500,3.38811,3.38811,0.00000
12:21:52,0.26185,3.34409,3.34409,0.00000
12:21:53,0.27638,3.39295,3.39295,0.00000
12:21:54,0.34761,3.69799,3.69799,0.00000
12:21:55,0.48990,4.52299,4.52299,0.00000
12:21:56,0.48371,4.48620,4.48620,0.00000
12:21:57,0.47980,4.46286,4.46286,0.00000
12:21:58,0.48062,4.46778,4.46778,0.00000
12:21:59,0.47179,4.41477,4.41477,0.00000
12:22:00,0.47558,4.43755,4.43755,0.00000
12:22:01,0.48072,4.46838,4.46838,0.00000
12:22:02,0.47848,4.45497,4.45497,0.00000
12:22:03,0.46615,4.38069,4.38069,0.00000
12:22:04,0.48861,4.51535,4.51535,0.00000
12:22:05,0.47938,4.46036,4.46036,0.00000
12:22:06,0.47859,4.45561,4.45561,0.00000
12:22:07,0.48969,4.52175,4.52175,0.00000
12:22:08,0.47692,4.44561,4.44561,0.00000
12:22:09,0.48205,4.47633,4.47633,0.00000
12:22:10,0.48586,4.49902,4.49902,0.00000
12:22:11,0.48593,4.49946,4.49946,0.00000
12:22:12,0.48082,4.46897,4.46897,0.00000
12:22:13,0.42494,4.13119,4.13119,0.00000
12:22:14,0.26700,3.36092,3.36092,0.00000
12:22:15,0.27000,3.37095,3.37095,0.00000
12:22:16,0.20352,3.18817,3.18817,0.00000
12:22:17,0.02250,3.20072,3.20072,0.00000
12:22:18,0.01750,3.23671,3.23671,0.00000
12:22:19,0.02250,3.20072,3.20072,0.00000
12:22:20,0.00000,3.40568,3.40568,0.00000
12:22:21,0.01256,3.27721,3.27721,0.00000
12:22:22,0.03500,3.13003,3.13003,0.00000
12:22:23,0.01504,3.25626,3.25626,0.00000
12:22:24,0.01508,3.25595,3.25595,0.00000
12:22:25,0.02256,3.20034,3.20034,0.00000
12:22:26,0.10224,3.03390,3.03390,0.00000
12:22:27,0.27000,3.37095,3.37095,0.00000
12:22:28,0.27250,3.37947,3.37947,0.00000
12:22:29,0.27889,3.40184,3.40184,0.00000
12:22:30,0.27000,3.37095,3.37095,0.00000
12:22:31,0.28250,3.41485,3.41485,0.00000
12:22:32,0.31328,3.53742,3.53742,0.00000
12:22:33,0.47532,4.43601,4.43601,0.00000
12:22:34,0.47436,4.43022,4.43022,0.00000
12:22:35,0.46512,4.37445,4.37445,0.00000
12:22:36,0.46615,4.38069,4.38069,0.00000
12:22:37,0.48593,4.49946,4.49946,0.00000
12:22:38,0.48214,4.47687,4.47687,0.00000
12:22:39,0.47120,4.41123,4.41123,0.00000
12:22:40,0.47644,4.44271,4.44271,0.00000
12:22:41,0.47949,4.46099,4.46099,0.00000
12:22:42,0.48477,4.49256,4.49256,0.00000
12:22:43,0.47959,4.46162,4.46162,0.00000
12:22:44,0.48985,4.52270,4.52270,0.00000
12:22:45,0.48346,4.48475,4.48475,0.00000
12:22:46,0.48980,4.52239,4.52239,0.00000
12:22:47,0.45288,4.30027,4.30027,0.00000
12:22:48,0.48250,4.47899,4.47899,0.00000
12:22:49,0.48837,4.51398,4.51398,0.00000
12:22:50,0.47315,4.42292,4.42292,0.00000
12:22:51,0.47570,4.43829,4.43829,0.00000
12:22:52,0.29250,3.45239,3.45239,0.00000
12:22:53,0.26817,3.36481,3.36481,0.00000
12:22:54,0.24060,3.28036,3.28036,0.00000
12:22:55,0.01746,3.23704,3.23704,0.00000
12:22:56,0.02500,3.18448,3.18448,0.00000
12:22:57,0.01750,3.23671,3.23671,0.00000
12:22:58,0.01508,3.25595,3.25595,0.00000
12:22:59,0.01256,3.27721,3.27721,0.00000
12:23:00,0.01750,3.23671,3.23671,0.00000
12:23:01,0.03258,3.14175,3.14175,0.00000
12:23:02,0.01253,3.27748,3.27748,0.00000
12:23:03,0.02000,3.21811,3.21811,0.00000
12:23:04,0.02005,3.21775,3.21775,0.00000
12:23:05,0.01750,3.23671,3.23671,0.00000
12:23:06,0.01256,3.27721,3.27721,0.00000
12:23:07,0.01750,3.23671,3.23671,0.00000
12:23:08,0.03518,3.12921,3.12921,0.00000
12:23:09,0.01750,3.23671,3.23671,0.00000
12:23:10,0.01750,3.23671,3.23671,0.00000
12:23:11,0.02256,3.20034,3.20034,0.00000
12:23:12,0.01995,3.21847,3.21847,0.00000
12:23:13,0.03266,3.14134,3.14134,0.00000
12:23:14,0.01500,3.25657,3.25657,0.00000
12:23:15,0.01256,3.27721,3.27721,0.00000
12:23:16,0.02500,3.18448,3.18448,0.00000
12:23:17,0.01005,3.29985,3.29985,0.00000
12:23:18,0.00750,3.32433,3.32433,0.00000
12:23:19,0.03518,3.12921,3.12921,0.00000
12:23:20,0.01750,3.23671,3.23671,0.00000
12:23:21,0.01256,3.27721,3.27721,0.00000
12:23:22,0.01504,3.25626,3.25626,0.00000
12:23:23,0.05528,3.06163,3.06163,0.00000
12:23:24,0.26633,3.35870,3.35870,0.00000
12:23:25,0.14620,3.08238,3.08238,0.00000
12:23:26,0.10802,3.03772,3.03772,0.00000
12:23:27,0.09288,3.03012,3.03012,0.00000
12:23:28,0.19444,3.16874,3.16874,0.00000
12:23:29,0.24936,3.30557,3.30557,0.00000
12:23:30,0.27068,3.37325,3.37325,0.00000
12:23:31,0.28822,3.43606,3.43606,0.00000
12:23:32,0.30730,3.51200,3.51200,0.00000
12:23:33,0.42025,4.10314,4.10314,0.00000
12:23:34,0.50498,4.61135,4.61135,0.00000
12:23:35,0.49361,4.54489,4.54489,0.00000
12:23:36,0.46770,4.39008,4.39008,0.00000
12:23:37,0.46907,4.39836,4.39836,0.00000
12:23:38,0.48579,4.49861,4.49861,0.00000
12:23:39,0.47409,4.42861,4.42861,0.00000
12:23:40,0.48346,4.48475,4.48475,0.00000
12:23:41,0.48346,4.48475,4.48475,0.00000
12:23:42,0.49497,4.55296,4.55296,0.00000
12:23:43,0.48718,4.50687,4.50687,0.00000
12:23:44,0.48223,4.47742,4.47742,0.00000
12:23:45,0.48724,4.50725,4.50725,0.00000
12:23:46,0.46803,4.39207,4.39207,0.00000
12:23:47,0.49624,4.56039,4.56039,0.00000
12:23:48,0.47959,4.46162,4.46162,0.00000
12:23:49,0.48866,4.51567,4.51567,0.00000
12:23:50,0.48737,4.50804,4.50804,0.00000
12:23:51,0.48855,4.51500,4.51500,0.00000
12:23:52,0.32746,3.60078,3.60078,0.00000
12:23:53,0.26817,3.36481,3.36481,0.00000
12:23:54,0.17337,3.12761,3.12761,0.00000
12:23:55,0.02256,3.20034,3.20034,0.00000
12:23:56,0.01750,3.23671,3.23671,0.00000
12:23:57,0.01504,3.25626,3.25626,0.00000
12:23:58,0.02500,3.18448,3.18448,0.00000
12:23:59,0.03258,3.14175,3.14175,0.00000
12:24:00,0.01000,3.30032,3.30032,0.00000
12:24:01,0.01754,3.23637,3.23637,0.00000
12:24:02,0.02256,3.20034,3.20034,0.00000
12:24:03,0.01504,3.25626,3.25626,0.00000
12:24:04,0.10526,3.03576,3.03576,0.00000
12:24:05,0.28250,3.41485,3.41485,0.00000
12:24:06,0.14000,3.07337,3.07337,0.00000
12:24:07,0.01750,3.23671,3.23671,0.00000
12:24:08,0.00503,3.34959,3.34959,0.00000
12:24:09,0.01493,3.25718,3.25718,0.00000
12:24:10,0.02513,3.18369,3.18369,0.00000
12:24:11,0.01000,3.30032,3.30032,0.00000
12:24:12,0.01000,3.30032,3.30032,0.00000
12:24:13,0.01000,3.30032,3.30032,0.00000
12:24:14,0.01995,3.21847,3.21847,0.00000
12:24:15,0.01759,3.23603,3.23603,0.00000
12:24:16,0.01247,3.27803,3.27803,0.00000
12:24:17,0.01500,3.25657,3.25657,0.00000
12:24:18,0.00756,3.32377,3.32377,0.00000
12:24:19,0.01750,3.23671,3.23671,0.00000
12:24:20,0.01754,3.23637,3.23637,0.00000
12:24:21,0.01750,3.23671,3.23671,0.00000
12:24:22,0.28250,3.41485,3.41485,0.00000
12:24:23,0.26817,3.36481,3.36481,0.00000
12:24:24,0.26700,3.36092,3.36092,0.00000
12:24:25,0.27750,3.39689,3.39689,0.00000
12:24:26,0.27318,3.38181,3.38181,0.00000
12:24:27,0.26817,3.36481,3.36481,0.00000
12:24:28,0.32663,3.59698,3.59698,0.00000
12:24:29,0.27638,3.39295,3.39295,0.00000
12:24:30,0.27569,3.39052,3.39052,0.00000
12:24:31,0.28250,3.41485,3.41485,0.00000
12:24:32,0.24672,3.29783,3.29783,0.00000
12:24:33,0.09006,3.02966,3.02966,0.00000
12:24:34,0.17291,3.12677,3.12677,0.00000
12:24:35,0.11280,3.04161,3.04161,0.00000
12:24:36,0.10574,3.03608,3.03608,0.00000
12:24:37,0.27318,3.38181,3.38181,0.00000
12:24:38,0.27000,3.37095,3.37095,0.00000
12:24:39,0.28321,3.41744,3.41744,0.00000
12:24:40,0.29750,3.47199,3.47199,0.00000
12:24:41,0.49616,4.55994,4.55994,0.00000
12:24:42,0.47692,4.44561,4.44561,0.00000
12:24:43,0.47583,4.43904,4.43904,0.00000
12:24:44,0.49361,4.54489,4.54489,0.00000
12:24:45,0.48872,4.51603,4.51603,0.00000
12:24:46,0.49235,4.53747,4.53747,0.00000
12:24:47,0.47716,4.44702,4.44702,0.00000
12:24:48,0.46667,4.38381,4.38381,0.00000
12:24:49,0.48346,4.48475,4.48475,0.00000
12:24:50,0.46429,4.36942,4.36942,0.00000
12:24:51,0.46736,4.38805,4.38805,0.00000
12:24:52,0.47409,4.42861,4.42861,0.00000
12:24:53,0.48969,4.52175,4.52175,0.00000
12:24:54,0.48492,4.49346,4.49346,0.00000
12:24:55,0.46512,4.37445,4.37445,0.00000
12:24:56,0.49114,4.53034,4.53034,0.00000
12:24:57,0.47570,4.43829,4.43829,0.00000
12:24:58,0.47273,4.42040,4.42040,0.00000
12:24:59,0.48120,4.47126,4.47126,0.00000
12:25:00,0.29177,3.44958,3.44958,0.00000
12:25:01,0.28643,3.42935,3.42935,0.00000
12:25:02,0.27068,3.37325,3.37325,0.00000
12:25:03,0.04261,3.09852,3.09852,0.00000
12:25:04,0.01504,3.25626,3.25626,0.00000
12:25:05,0.02000,3.21811,3.21811,0.00000
12:25:06,0.01750,3.23671,3.23671,0.00000
12:25:07,0.02757,3.16894,3.16894,0.00000
12:25:08,0.02256,3.20034,3.20034,0.00000
12:25:09,0.01750,3.23671,3.23671,0.00000
12:25:10,0.01500,3.25657,3.25657,0.00000
12:25:11,0.02005,3.21775,3.21775,0.00000
12:25:12,0.03015,3.15443,3.15443,0.00000
12:25:13,0.03759,3.11840,3.11840,0.00000
12:25:14,0.01995,3.21847,3.21847,0.00000
12:25:15,0.01750,3.23671,3.23671,0.00000
12:25:16,0.02005,3.21775,3.21775,0.00000
12:25:17,0.01750,3.23671,3.23671,0.00000
12:25:18,0.00250,3.37695,3.37695,0.00000
12:25:19,0.02757,3.16894,3.16894,0.00000
12:25:20,0.04250,3.09891,3.09891,0.00000
12:25:21,0.01754,3.23637,3.23637,0.00000
12:25:22,0.01750,3.23671,3.23671,0.00000
12:25:23,0.02010,3.21739,3.21739,0.00000
12:25:24,0.01504,3.25626,3.25626,0.00000
12:25:25,0.04271,3.09813,3.09813,0.00000
12:25:26,0.03258,3.14175,3.14175,0.00000
12:25:27,0.01508,3.25595,3.25595,0.00000
12:25:28,0.02256,3.20034,3.20034,0.00000
12:25:29,0.01746,3.23704,3.23704,0.00000
12:25:30,0.01256,3.27721,3.27721,0.00000
12:25:31,0.08521,3.02970,3.02970,0.00000
12:25:32,0.26065,3.34028,3.34028,0.00000
12:25:33,0.21294,3.20955,3.20955,0.00000
12:25:34,0.23499,3.26494,3.26494,0.00000
12:25:35,0.27500,3.38811,3.38811,0.00000
12:25:36,0.26884,3.36706,3.36706,0.00000
12:25:37,0.28070,3.40832,3.40832,0.00000
12:25:38,0.38010,3.87041,3.87041,0.00000
12:25:39,0.48593,4.49946,4.49946,0.00000
12:25:40,0.48338,4.48422,4.48422,0.00000
12:25:41,0.48196,4.47578,4.47578,0.00000
12:25:42,0.48608,4.50032,4.50032,0.00000
12:25:43,0.50000,4.58239,4.58239,0.00000
12:25:44,0.48872,4.51603,4.51603,0.00000
12:25:45,0.47423,4.42941,4.42941,0.00000
12:25:46,0.45195,4.29462,4.29462,0.00000
12:25:47,0.49114,4.53034,4.53034,0.00000
12:25:48,0.47558,4.43755,4.43755,0.00000
12:25:49,0.48072,4.46838,4.46838,0.00000
12:25:50,0.48861,4.51535,4.51535,0.00000
12:25:51,0.47315,4.42292,4.42292,0.00000
12:25:52,0.47927,4.45971,4.45971,0.00000
12:25:53,0.48232,4.47793,4.47793,0.00000
12:25:54,0.48485,4.49301,4.49301,0.00000
12:25:55,0.49235,4.53747,4.53747,0.00000
12:25:56,0.48485,4.49301,4.49301,0.00000
12:25:57,0.43147,4.17053,4.17053,0.00000
12:25:58,0.26700,3.36092,3.36092,0.00000
12:25:59,0.25500,3.32259,3.32259,0.00000
12:26:00,0.15539,3.09667,3.09667,0.00000
12:26:01,0.02750,3.16934,3.16934,0.00000
12:26:02,0.02500,3.18448,3.18448,0.00000
12:26:03,0.01504,3.25626,3.25626,0.00000
12:26:04,0.02010,3.21739,3.21739,0.00000
12:26:05,0.01750,3.23671,3.23671,0.00000
12:26:06,0.01504,3.25626,3.25626,0.00000
12:26:07,0.04511,3.08978,3.08978,0.00000
12:26:08,0.02757,3.16894,3.16894,0.00000
12:26:09,0.01504,3.25626,3.25626,0.00000
12:26:10,0.14106,3.07487,3.07487,0.00000
12:26:11,0.24742,3.29988,3.29988,0.00000
12:26:12,0.18436,3.14838,3.14838,0.00000
12:26:13,0.11927,3.04780,3.04780,0.00000
12:26:14,0.23636,3.26867,3.26867,0.00000
12:26:15,0.26566,3.35650,3.35650,0.00000
12:26:16,0.26884,3.36706,3.36706,0.00000
12:26:17,0.28571,3.42668,3.42668,0.00000
12:26:18,0.37940,3.86648,3.86648,0.00000
12:26:19,0.50503,4.61159,4.61159,0.00000
12:26:20,0.48990,4.52299,4.52299,0.00000
12:26:21,0.46354,4.36492,4.36492,0.00000
12:26:22,0.49254,4.53860,4.53860,0.00000
12:26:23,0.46753,4.38905,4.38905,0.00000
12:26:24,0.48477,4.49256,4.49256,0.00000
12:26:25,0.47716,4.44702,4.44702,0.00000
12:26:26,0.48849,4.51465,4.51465,0.00000
12:26:27,0.48872,4.51603,4.51603,0.00000
12:26:28,0.47716,4.44702,4.44702,0.00000
12:26:29,0.48724,4.50725,4.50725,0.00000
12:26:30,0.47815,4.45298,4.45298,0.00000
12:26:31,0.49622,4.56028,4.56028,0.00000
12:26:32,0.48338,4.48422,4.48422,0.00000
12:26:33,0.48731,4.50766,4.50766,0.00000
12:26:34,0.50000,4.58239,4.58239,0.00000
12:26:35,0.47150,4.41301,4.41301,0.00000
12:26:36,0.48750,4.50878,4.50878,0.00000
12:26:37,0.40355,4.00436,4.00436,0.00000
12:26:38,0.27500,3.38811,3.38811,0.00000
12:26:39,0.26817,3.36481,3.36481,0.00000
12:26:40,0.02000,3.21811,3.21811,0.00000
12:26:41,0.01000,3.30032,3.30032,0.00000
12:26:42,0.01253,3.27748,3.27748,0.00000
12:26:43,0.01504,3.25626,3.25626,0.00000
12:26:44,0.02500,3.18448,3.18448,0.00000
12:26:45,0.02506,3.18408,3.18408,0.00000
12:26:46,0.02250,3.20072,3.20072,0.00000
12:26:47,0.01750,3.23671,3.23671,0.00000
12:26:48,0.01256,3.27721,3.27721,0.00000
12:26:49,0.02494,3.18487,3.18487,0.00000
12:26:50,0.26933,3.36868,3.36868,0.00000
12:26:51,0.23058,3.25322,3.25322,0.00000
12:26:52,0.01000,3.30032,3.30032,0.00000
12:26:53,0.01508,3.25595,3.25595,0.00000
12:26:54,0.01247,3.27803,3.27803,0.00000
12:26:55,0.02250,3.20072,3.20072,0.00000
12:26:56,0.01504,3.25626,3.25626,0.00000
12:26:57,0.01247,3.27803,3.27803,0.00000
12:26:58,0.01508,3.25595,3.25595,0.00000
12:26:59,0.01000,3.30032,3.30032,0.00000
12:27:00,0.00501,3.34972,3.34972,0.00000
12:27:01,0.03731,3.11961,3.11961,0.00000
12:27:02,0.01000,3.30032,3.30032,0.00000
12:27:03,0.01000,3.30032,3.30032,0.00000
12:27:04,0.00504,3.34945,3.34945,0.00000
12:27:05,0.01504,3.25626,3.25626,0.00000
12:27:06,0.02494,3.18487,3.18487,0.00000
12:27:07,0.00503,3.34959,3.34959,0.00000
12:27:08,0.01750,3.23671,3.23671,0.00000
12:27:09,0.00752,3.32415,3.32415,0.00000
12:27:10,0.01003,3.30009,3.30009,0.00000
12:27:11,0.02500,3.18448,3.18448,0.00000
12:27:12,0.02250,3.20072,3.20072,0.00000
12:27:13,0.01504,3.25626,3.25626,0.00000
12:27:14,0.01000,3.30032,3.30032,0.00000
12:27:15,0.00754,3.32396,3.32396,0.00000
12:27:16,0.01500,3.25657,3.25657,0.00000
12:27:17,0.02250,3.20072,3.20072,0.00000
12:27:18,0.02250,3.20072,3.20072,0.00000
12:27:19,0.00754,3.32396,3.32396,0.00000
12:27:20,0.01995,3.21847,3.21847,0.00000
12:27:21,0.01000,3.30032,3.30032,0.00000
12:27:22,0.00503,3.34959,3.34959,0.00000
12:27:23,0.01250,3.27776,3.27776,0.00000
12:27:24,0.01504,3.25626,3.25626,0.00000
12:27:25,0.01504,3.25626,3.25626,0.00000
12:27:26,0.00752,3.32415,3.32415,0.00000
12:27:27,0.01247,3.27803,3.27803,0.00000
12:27:28,0.01504,3.25626,3.25626,0.00000
12:27:29,0.02250,3.20072,3.20072,0.00000
12:27:30,0.00752,3.32415,3.32415,0.00000
12:27:31,0.01247,3.27803,3.27803,0.00000
12:27:32,0.01746,3.23704,3.23704,0.00000
12:27:33,0.01000,3.30032,3.30032,0.00000
12:27:34,0.02256,3.20034,3.20034,0.00000
12:27:35,0.01508,3.25595,3.25595,0.00000
12:27:36,0.00998,3.30055,3.30055,0.00000
12:27:37,0.00752,3.32415,3.32415,0.00000
12:27:38,0.01504,3.25626,3.25626,0.00000
12:27:39,0.02250,3.20072,3.20072,0.00000
12:27:40,0.01750,3.23671,3.23671,0.00000
12:27:41,0.00752,3.32415,3.32415,0.00000
12:27:42,0.01000,3.30032,3.30032,0.00000
12:27:43,0.00752,3.32415,3.32415,0.00000
12:27:44,0.03000,3.15525,3.15525,0.00000
12:27:45,0.01000,3.30032,3.30032,0.00000
12:27:46,0.01000,3.30032,3.30032,0.00000
12:27:47,0.01003,3.30009,3.30009,0.00000
12:27:48,0.00251,3.37688,3.37688,0.00000
12:27:49,0.01250,3.27776,3.27776,0.00000
12:27:50,0.02513,3.18369,3.18369,0.00000
12:27:51,0.02005,3.21775,3.21775,0.00000
12:27:52,0.01754,3.23637,3.23637,0.00000
12:27:53,0.01000,3.30032,3.30032,0.00000
12:27:54,0.00752,3.32415,3.32415,0.00000
12:27:55,0.01750,3.23671,3.23671,0.00000
12:27:56,0.02005,3.21775,3.21775,0.00000
12:27:57,0.01003,3.30009,3.30009,0.00000
12:27:58,0.01003,3.30009,3.30009,0.00000
12:27:59,0.01247,3.27803,3.27803,0.00000
12:28:00,0.00752,3.32415,3.32415,0.00000
12:28:01,0.03250,3.14216,3.14216,0.00000
12:28:02,0.03275,3.14093,3.14093,0.00000
12:28:03,0.01000,3.30032,3.30032,0.00000
12:28:04,0.01253,3.27748,3.27748,0.00000
12:28:05,0.01000,3.30032,3.30032,0.00000
12:28:06,0.01000,3.30032,3.30032,0.00000
12:28:07,0.02757,3.16894,3.16894,0.00000
12:28:08,0.01000,3.30032,3.30032,0.00000
12:28:09,0.00752,3.32415,3.32415,0.00000
12:28:10,0.00500,3.34985,3.34985,0.00000
12:28:11,0.01250,3.27776,3.27776,0.00000
12:28:12,0.00752,3.32415,3.32415,0.00000
12:28:13,0.01754,3.23637,3.23637,0.00000
12:28:14,0.03015,3.15443,3.15443,0.00000
12:28:15,0.01247,3.27803,3.27803,0.00000
12:28:16,0.01000,3.30032,3.30032,0.00000
12:28:17,0.01256,3.27721,3.27721,0.00000
12:28:18,0.01000,3.30032,3.30032,0.00000
12:28:19,0.02757,3.16894,3.16894,0.00000
12:28:20,0.01247,3.27803,3.27803,0.00000
12:28:21,0.01003,3.30009,3.30009,0.00000
12:28:22,0.01250,3.27776,3.27776,0.00000
12:28:23,0.01504,3.25626,3.25626,0.00000
12:28:24,0.04786,3.08107,3.08107,0.00000
12:28:25,0.28226,3.41397,3.41397,0.00000
12:28:26,0.23056,3.25318,3.25318,0.00000
12:28:27,0.25575,3.32492,3.32492,0.00000
12:28:28,0.23483,3.26452,3.26452,0.00000
12:28:29,0.23056,3.25318,3.25318,0.00000
12:28:30,0.23360,3.26121,3.26121,0.00000
12:28:31,0.23219,3.25747,3.25747,0.00000
12:28:32,0.22460,3.23786,3.23786,0.00000
12:28:33,0.29815,3.47458,3.47458,0.00000
12:28:34,0.22222,3.23191,3.23191,0.00000
12:28:35,0.22667,3.24310,3.24310,0.00000
12:28:36,0.23404,3.26240,3.26240,0.00000
12:28:37,0.27848,3.40037,3.40037,0.00000
12:28:38,0.26835,3.36542,3.36542,0.00000
12:28:39,0.17045,3.12234,3.12234,0.00000
12:28:40,0.13374,3.06486,3.06486,0.00000
12:28:41,0.23947,3.27722,3.27722,0.00000
12:28:42,0.26884,3.36706,3.36706,0.00000
12:28:43,0.27000,3.37095,3.37095,0.00000
12:28:44,0.29073,3.44557,3.44557,0.00000
12:28:45,0.35088,3.71452,3.71452,0.00000
12:28:46,0.48601,4.49991,4.49991,0.00000
12:28:47,0.46316,4.36259,4.36259,0.00000
12:28:48,0.47150,4.41301,4.41301,0.00000
12:28:49,0.46891,4.39739,4.39739,0.00000
12:28:50,0.47301,4.42207,4.42207,0.00000
12:28:51,0.50123,4.58960,4.58960,0.00000
12:28:52,0.46770,4.39008,4.39008,0.00000
12:28:53,0.46174,4.35403,4.35403,0.00000
12:28:54,0.47301,4.42207,4.42207,0.00000
12:28:55,0.47423,4.42941,4.42941,0.00000
12:28:56,0.48861,4.51535,4.51535,0.00000
12:28:57,0.48737,4.50804,4.50804,0.00000
12:28:58,0.47287,4.42124,4.42124,0.00000
12:28:59,0.47837,4.45432,4.45432,0.00000
12:29:00,0.50245,4.59668,4.59668,0.00000
12:29:01,0.48731,4.50766,4.50766,0.00000
12:29:02,0.48866,4.51567,4.51567,0.00000
12:29:03,0.48205,4.47633,4.47633,0.00000
12:29:04,0.44103,4.22833,4.22833,0.00000
12:29:05,0.27820,3.39936,3.39936,0.00000
12:29:06,0.26817,3.36481,3.36481,0.00000
12:29:07,0.25313,3.31689,3.31689,0.00000
12:29:08,0.02005,3.21775,3.21775,0.00000
12:29:09,0.01750,3.23671,3.23671,0.00000
12:29:10,0.02010,3.21739,3.21739,0.00000
12:29:11,0.02743,3.16974,3.16974,0.00000
12:29:12,0.00251,3.37680,3.37680,0.00000
12:29:13,0.03509,3.12962,3.12962,0.00000
12:29:14,0.01750,3.23671,3.23671,0.00000
12:29:15,0.01750,3.23671,3.23671,0.00000
12:29:16,0.01500,3.25657,3.25657,0.00000
12:29:17,0.06266,3.04758,3.04758,0.00000
12:29:18,0.26884,3.36706,3.36706,0.00000
12:29:19,0.27068,3.37325,3.37325,0.00000
12:29:20,0.28000,3.40580,3.40580,0.00000
12:29:21,0.26817,3.36481,3.36481,0.00000
12:29:22,0.27960,3.40435,3.40435,0.00000
12:29:23,0.29648,3.46795,3.46795,0.00000
12:29:24,0.45153,4.29208,4.29208,0.00000
12:29:25,0.47826,4.45364,4.45364,0.00000
12:29:26,0.48092,4.46954,4.46954,0.00000
12:29:27,0.48593,4.49946,4.49946,0.00000
12:29:28,0.48379,4.48671,4.48671,0.00000
12:29:29,0.49109,4.53008,4.53008,0.00000
12:29:30,0.47949,4.46099,4.46099,0.00000
12:29:31,0.49370,4.54544,4.54544,0.00000
12:29:32,0.49495,4.55280,4.55280,0.00000
12:29:33,0.47848,4.45497,4.45497,0.00000
12:29:34,0.47409,4.42861,4.42861,0.00000
12:29:35,0.48608,4.50032,4.50032,0.00000
12:29:36,0.47436,4.43022,4.43022,0.00000
12:29:37,0.49373,4.54566,4.54566,0.00000
12:29:38,0.47970,4.46223,4.46223,0.00000
12:29:39,0.45524,4.31462,4.31462,0.00000
12:29:40,0.47179,4.41477,4.41477,0.00000
12:29:41,0.48214,4.47687,4.47687,0.00000
12:29:42,0.47959,4.46162,4.46162,0.00000
12:29:43,0.36181,3.77117,3.77117,0.00000
12:29:44,0.27638,3.39295,3.39295,0.00000
12:29:45,0.26817,3.36481,3.36481,0.00000
12:29:46,0.07000,3.03805,3.03805,0.00000
12:29:47,0.02010,3.21739,3.21739,0.00000
12:29:48,0.01995,3.21847,3.21847,0.00000
12:29:49,0.01504,3.25626,3.25626,0.00000
12:29:50,0.02494,3.18487,3.18487,0.00000
12:29:51,0.01750,3.23671,3.23671,0.00000
12:29:52,0.02256,3.20034,3.20034,0.00000
12:29:53,0.03500,3.13003,3.13003,0.00000
12:29:54,0.00249,3.37701,3.37701,0.00000
12:29:55,0.01504,3.25626,3.25626,0.00000
12:29:56,0.02494,3.18487,3.18487,0.00000
12:29:57,0.01508,3.25595,3.25595,0.00000
12:29:58,0.01750,3.23671,3.23671,0.00000
12:29:59,0.03000,3.15525,3.15525,0.00000
12:30:00,0.01746,3.23704,3.23704,0.00000
12:30:01,0.02267,3.19958,3.19958,0.00000
12:30:02,0.02250,3.20072,3.20072,0.00000
12:30:03,0.01504,3.25626,3.25626,0.00000
12:30:04,0.03759,3.11840,3.11840,0.00000
12:30:05,0.03258,3.14175,3.14175,0.00000
12:30:06,0.01750,3.23671,3.23671,0.00000
12:30:07,0.01754,3.23637,3.23637,0.00000
12:30:08,0.01754,3.23637,3.23637,0.00000
12:30:09,0.00250,3.37695,3.37695,0.00000
12:30:10,0.01504,3.25626,3.25626,0.00000
12:30:11,0.04500,3.09016,3.09016,0.00000
12:30:12,0.03008,3.15484,3.15484,0.00000
12:30:13,0.03008,3.15484,3.15484,0.00000
12:30:14,0.02010,3.21739,3.21739,0.00000
12:30:15,0.26065,3.34028,3.34028,0.00000
12:30:16,0.17045,3.12234,3.12234,0.00000
12:30:17,0.09938,3.03240,3.03240,0.00000
12:30:18,0.12615,3.05542,3.05542,0.00000
12:30:19,0.27820,3.39936,3.39936,0.00000
12:30:20,0.26884,3.36706,3.36706,0.00000
12:30:21,0.27000,3.37095,3.37095,0.00000
12:30:22,0.26065,3.34028,3.34028,0.00000
12:30:23,0.38228,3.88255,3.88255,0.00000
12:30:24,0.47409,4.42861,4.42861,0.00000
12:30:25,0.48214,4.47687,4.47687,0.00000
12:30:26,0.49239,4.53770,4.53770,0.00000
12:30:27,0.47949,4.46099,4.46099,0.00000
12:30:28,0.47848,4.45497,4.45497,0.00000
12:30:29,0.49367,4.54527,4.54527,0.00000
12:30:30,0.48082,4.46897,4.46897,0.00000
12:30:31,0.48477,4.49256,4.49256,0.00000
12:30:32,0.46787,4.39108,4.39108,0.00000
12:30:33,0.48082,4.46897,4.46897,0.00000
12:30:34,0.47716,4.44702,4.44702,0.00000
12:30:35,0.48130,4.47180,4.47180,0.00000
12:30:36,0.49873,4.57498,4.57498,0.00000
12:30:37,0.48477,4.49256,4.49256,0.00000
12:30:38,0.48469,4.49208,4.49208,0.00000
12:30:39,0.48232,4.47793,4.47793,0.00000
12:30:40,0.48477,4.49256,4.49256,0.00000
12:30:41,0.48586,4.49902,4.49902,0.00000
12:30:42,0.44670,4.26275,4.26275,0.00000
12:30:43,0.27569,3.39052,3.39052,0.00000
12:30:44,0.26750,3.36257,3.36257,0.00000
12:30:45,0.08291,3.03012,3.03012,0.00000
12:30:46,0.02250,3.20072,3.20072,0.00000
12:30:47,0.01750,3.23671,3.23671,0.00000
12:30:48,0.01746,3.23704,3.23704,0.00000
12:30:49,0.01504,3.25626,3.25626,0.00000
12:30:50,0.02250,3.20072,3.20072,0.00000
12:30:51,0.01508,3.25595,3.25595,0.00000
12:30:52,0.01504,3.25626,3.25626,0.00000
12:30:53,0.02005,3.21775,3.21775,0.00000
12:30:54,0.01750,3.23671,3.23671,0.00000
12:30:55,0.03000,3.15525,3.15525,0.00000
12:30:56,0.04282,3.09774,3.09774,0.00000
12:30:57,0.01746,3.23704,3.23704,0.00000
12:30:58,0.01754,3.23637,3.23637,0.00000
12:30:59,0.01500,3.25657,3.25657,0.00000
12:31:00,0.01750,3.23671,3.23671,0.00000
12:31:01,0.04282,3.09774,3.09774,0.00000
12:31:02,0.02500,3.18448,3.18448,0.00000
12:31:03,0.01504,3.25626,3.25626,0.00000
12:31:04,0.00000,3.40568,3.40568,0.00000
12:31:05,0.02250,3.20072,3.20072,0.00000
12:31:06,0.01256,3.27721,3.27721,0.00000
12:31:07,0.03000,3.15525,3.15525,0.00000
12:31:08,0.02005,3.21775,3.21775,0.00000
12:31:09,0.01504,3.25626,3.25626,0.00000
12:31:10,0.02005,3.21775,3.21775,0.00000
12:31:11,0.01504,3.25626,3.25626,0.00000
12:31:12,0.03008,3.15484,3.15484,0.00000
12:31:13,0.03741,3.11921,3.11921,0.00000
12:31:14,0.13317,3.06411,3.06411,0.00000
12:31:15,0.27318,3.38181,3.38181,0.00000
12:31:16,0.11940,3.04794,3.04794,0.00000
12:31:17,0.01504,3.25626,3.25626,0.00000
12:31:18,0.01000,3.30032,3.30032,0.00000
12:31:19,0.01000,3.30032,3.30032,0.00000
12:31:20,0.01754,3.23637,3.23637,0.00000
12:31:21,0.00752,3.32415,3.32415,0.00000
12:31:22,0.01000,3.30032,3.30032,0.00000
12:31:23,0.19799,3.17621,3.17621,0.00000
12:31:24,0.27000,3.37095,3.37095,0.00000
12:31:25,0.27500,3.38811,3.38811,0.00000
12:31:26,0.26817,3.36481,3.36481,0.00000
12:31:27,0.26633,3.35870,3.35870,0.00000
12:31:28,0.26884,3.36706,3.36706,0.00000
12:31:29,0.32080,3.57050,3.57050,0.00000
12:31:30,0.26817,3.36481,3.36481,0.00000
12:31:31,0.26817,3.36481,3.36481,0.00000
12:31:32,0.28967,3.44156,3.44156,0.00000
12:31:33,0.26817,3.36481,3.36481,0.00000
12:31:34,0.11782,3.04633,3.04633,0.00000
12:31:35,0.09969,3.03255,3.03255,0.00000
12:31:36,0.15230,3.09174,3.09174,0.00000
12:31:37,0.20325,3.18758,3.18758,0.00000
12:31:38,0.26817,3.36481,3.36481,0.00000
12:31:39,0.26817,3.36481,3.36481,0.00000
12:31:40,0.28928,3.44005,3.44005,0.00000
12:31:41,0.36480,3.78700,3.78700,0.00000
12:31:42,0.47692,4.44561,4.44561,0.00000
12:31:43,0.48469,4.49208,4.49208,0.00000
12:31:44,0.48843,4.51432,4.51432,0.00000
12:31:45,0.48062,4.46778,4.46778,0.00000
12:31:46,0.48601,4.49991,4.49991,0.00000
12:31:47,0.48608,4.50032,4.50032,0.00000
12:31:48,0.48477,4.49256,4.49256,0.00000
12:31:49,0.47692,4.44561,4.44561,0.00000
12:31:50,0.48492,4.49346,4.49346,0.00000
12:31:51,0.47970,4.46223,4.46223,0.00000
12:31:52,0.49622,4.56028,4.56028,0.00000
12:31:53,0.49875,4.57506,4.57506,0.00000
12:31:54,0.49370,4.54544,4.54544,0.00000
12:31:55,0.48214,4.47687,4.47687,0.00000
12:31:56,0.47423,4.42941,4.42941,0.00000
12:31:57,0.47815,4.45298,4.45298,0.00000
12:31:58,0.47692,4.44561,4.44561,0.00000
12:31:59,0.50000,4.58239,4.58239,0.00000
12:32:00,0.38734,3.91104,3.91104,0.00000
12:32:01,0.27750,3.39689,3.39689,0.00000
12:32:02,0.27456,3.38658,3.38658,0.00000
12:32:03,0.19250,3.16472,3.16472,0.00000
12:32:04,0.01000,3.30032,3.30032,0.00000
12:32:05,0.01750,3.23671,3.23671,0.00000
12:32:06,0.01746,3.23704,3.23704,0.00000
12:32:07,0.01750,3.23671,3.23671,0.00000
12:32:08,0.02010,3.21739,3.21739,0.00000
12:32:09,0.01746,3.23704,3.23704,0.00000
12:32:10,0.03008,3.15484,3.15484,0.00000
12:32:11,0.02005,3.21775,3.21775,0.00000
12:32:12,0.01750,3.23671,3.23671,0.00000
12:32:13,0.10804,3.03773,3.03773,0.00000
12:32:14,0.27750,3.39689,3.39689,0.00000
12:32:15,0.25641,3.32695,3.32695,0.00000
12:32:16,0.25707,3.32900,3.32900,0.00000
12:32:17,0.27068,3.37325,3.37325,0.00000
12:32:18,0.28571,3.42668,3.42668,0.00000
12:32:19,0.27068,3.37325,3.37325,0.00000
12:32:20,0.45244,4.29761,4.29761,0.00000
12:32:21,0.47301,4.42207,4.42207,0.00000
12:32:22,0.46194,4.35525,4.35525,0.00000
12:32:23,0.48571,4.49817,4.49817,0.00000
12:32:24,0.49370,4.54544,4.54544,0.00000
12:32:25,0.48363,4.48574,4.48574,0.00000
12:32:26,0.48062,4.46778,4.46778,0.00000
12:32:27,0.47959,4.46162,4.46162,0.00000
12:32:28,0.49502,4.55323,4.55323,0.00000
12:32:29,0.50127,4.58981,4.58981,0.00000
12:32:30,0.48477,4.49256,4.49256,0.00000
12:32:31,0.49745,4.56748,4.56748,0.00000
12:32:32,0.48762,4.50951,4.50951,0.00000
12:32:33,0.47826,4.45364,4.45364,0.00000
12:32:34,0.47583,4.43904,4.43904,0.00000
12:32:35,0.47680,4.44491,4.44491,0.00000
12:32:36,0.47837,4.45432,4.45432,0.00000
12:32:37,0.46667,4.38381,4.38381,0.00000
12:32:38,0.48223,4.47742,4.47742,0.00000
12:32:39,0.32997,3.61248,3.61248,0.00000
12:32:40,0.27000,3.37095,3.37095,0.00000
12:32:41,0.27820,3.39936,3.39936,0.00000
12:32:42,0.04511,3.08978,3.08978,0.00000
12:32:43,0.02005,3.21775,3.21775,0.00000
12:32:44,0.01504,3.25626,3.25626,0.00000
12:32:45,0.03250,3.14216,3.14216,0.00000
12:32:46,0.00250,3.37695,3.37695,0.00000
12:32:47,0.02256,3.20034,3.20034,0.00000
12:32:48,0.01504,3.25626,3.25626,0.00000
12:32:49,0.01750,3.23671,3.23671,0.00000
12:32:50,0.02256,3.20034,3.20034,0.00000
12:32:51,0.03008,3.15484,3.15484,0.00000
12:32:52,0.24685,3.29821,3.29821,0.00000
12:32:53,0.20604,3.19378,3.19378,0.00000
12:32:54,0.13824,3.07091,3.07091,0.00000
12:32:55,0.16571,3.11397,3.11397,0.00000
12:32:56,0.17867,3.13746,3.13746,0.00000
12:32:57,0.27068,3.37325,3.37325,0.00000
12:32:58,0.27250,3.37947,3.37947,0.00000
12:32:59,0.28500,3.42403,3.42403,0.00000
12:33:00,0.35101,3.71518,3.71518,0.00000
12:33:01,0.48196,4.47578,4.47578,0.00000
12:33:02,0.49618,4.56005,4.56005,0.00000
12:33:03,0.48866,4.51567,4.51567,0.00000
12:33:04,0.48101,4.47013,4.47013,0.00000
12:33:05,0.48469,4.49208,4.49208,0.00000
12:33:06,0.47680,4.44491,4.44491,0.00000
12:33:07,0.47301,4.42207,4.42207,0.00000
12:33:08,0.48586,4.49902,4.49902,0.00000
12:33:09,0.47804,4.45229,4.45229,0.00000
12:33:10,0.49622,4.56028,4.56028,0.00000
12:33:11,0.47980,4.46286,4.46286,0.00000
12:33:12,0.49622,4.56028,4.56028,0.00000
12:33:13,0.46447,4.37052,4.37052,0.00000
12:33:14,0.48861,4.51535,4.51535,0.00000
12:33:15,0.47959,4.46162,4.46162,0.00000
12:33:16,0.47028,4.40567,4.40567,0.00000
12:33:17,0.48980,4.52239,4.52239,0.00000
12:33:18,0.49109,4.53008,4.53008,0.00000
12:33:19,0.42784,4.14862,4.14862,0.00000
12:33:20,0.27638,3.39295,3.39295,0.00000
12:33:21,0.26933,3.36868,3.36868,0.00000
12:33:22,0.08020,3.03097,3.03097,0.00000
12:33:23,0.01750,3.23671,3.23671,0.00000
12:33:24,0.01750,3.23671,3.23671,0.00000
12:33:25,0.02000,3.21811,3.21811,0.00000
12:33:26,0.02005,3.21775,3.21775,0.00000
12:33:27,0.02000,3.21811,3.21811,0.00000
12:33:28,0.01250,3.27776,3.27776,0.00000
12:33:29,0.04239,3.09930,3.09930,0.00000
12:33:30,0.01750,3.23671,3.23671,0.00000
12:33:31,0.01750,3.23671,3.23671,0.00000
12:33:32,0.22055,3.22779,3.22779,0.00000
12:33:33,0.27500,3.38811,3.38811,0.00000
12:33:34,0.02005,3.21775,3.21775,0.00000
12:33:35,0.03015,3.15443,3.15443,0.00000
12:33:36,0.01754,3.23637,3.23637,0.00000
12:33:37,0.02764,3.16853,3.16853,0.00000
12:33:38,0.00752,3.32415,3.32415,0.00000
12:33:39,0.01000,3.30032,3.30032,0.00000
12:33:40,0.01000,3.30032,3.30032,0.00000
12:33:41,0.01519,3.25502,3.25502,0.00000
12:33:42,0.02250,3.20072,3.20072,0.00000
12:33:43,0.00752,3.32415,3.32415,0.00000
12:33:44,0.01000,3.30032,3.30032,0.00000
12:33:45,0.00750,3.32433,3.32433,0.00000
12:33:46,0.00752,3.32415,3.32415,0.00000
12:33:47,0.01750,3.23671,3.23671,0.00000
12:33:48,0.01754,3.23637,3.23637,0.00000
12:33:49,0.01504,3.25626,3.25626,0.00000
12:33:50,0.01000,3.30032,3.30032,0.00000
12:33:51,0.00754,3.32396,3.32396,0.00000
12:33:52,0.00752,3.32415,3.32415,0.00000
12:33:53,0.02506,3.18408,3.18408,0.00000
12:33:54,0.02000,3.21811,3.21811,0.00000
12:33:55,0.02250,3.20072,3.20072,0.00000
12:33:56,0.01504,3.25626,3.25626,0.00000
12:33:57,0.01000,3.30032,3.30032,0.00000
12:33:58,0.01003,3.30009,3.30009,0.00000
12:33:59,0.00752,3.32415,3.32415,0.00000
12:34:00,0.02000,3.21811,3.21811,0.00000
12:34:01,0.04030,3.10725,3.10725,0.00000
12:34:02,0.01750,3.23671,3.23671,0.00000
12:34:03,0.00752,3.32415,3.32415,0.00000
12:34:04,0.01250,3.27776,3.27776,0.00000
12:34:05,0.01003,3.30009,3.30009,0.00000
12:34:06,0.01500,3.25657,3.25657,0.00000
12:34:07,0.00998,3.30055,3.30055,0.00000
12:34:08,0.02000,3.21811,3.21811,0.00000
12:34:09,0.00750,3.32433,3.32433,0.00000
12:34:10,0.01000,3.30032,3.30032,0.00000
12:34:12,0.01508,3.25595,3.25595,0.00000
12:34:13,0.02256,3.20034,3.20034,0.00000
12:34:14,0.01250,3.27776,3.27776,0.00000
12:34:15,0.01504,3.25626,3.25626,0.00000
12:34:16,0.01000,3.30032,3.30032,0.00000
12:34:17,0.01504,3.25626,3.25626,0.00000
12:34:18,0.02000,3.21811,3.21811,0.00000
12:34:19,0.02010,3.21739,3.21739,0.00000
12:34:20,0.01244,3.27830,3.27830,0.00000
12:34:21,0.01504,3.25626,3.25626,0.00000
12:34:22,0.01000,3.30032,3.30032,0.00000
12:34:23,0.00752,3.32415,3.32415,0.00000
12:34:24,0.02513,3.18369,3.18369,0.00000
12:34:25,0.02256,3.20034,3.20034,0.00000
12:34:26,0.01000,3.30032,3.30032,0.00000
12:34:27,0.01504,3.25626,3.25626,0.00000
12:34:28,0.01247,3.27803,3.27803,0.00000
12:34:29,0.01750,3.23671,3.23671,0.00000
12:34:30,0.00752,3.32415,3.32415,0.00000
12:34:31,0.01496,3.25688,3.25688,0.00000
12:34:32,0.00752,3.32415,3.32415,0.00000
12:34:33,0.01504,3.25626,3.25626,0.00000
12:34:34,0.01247,3.27803,3.27803,0.00000
12:34:35,0.01247,3.27803,3.27803,0.00000
12:34:36,0.03008,3.15484,3.15484,0.00000
12:34:37,0.02000,3.21811,3.21811,0.00000
12:34:38,0.01000,3.30032,3.30032,0.00000
12:34:39,0.01504,3.25626,3.25626,0.00000
12:34:40,0.01000,3.30032,3.30032,0.00000
12:34:41,0.01003,3.30009,3.30009,0.00000
12:34:42,0.03000,3.15525,3.15525,0.00000
12:34:43,0.01250,3.27776,3.27776,0.00000
12:34:44,0.01504,3.25626,3.25626,0.00000
12:34:45,0.01250,3.27776,3.27776,0.00000
12:34:46,0.01000,3.30032,3.30032,0.00000
12:34:47,0.02005,3.21775,3.21775,0.00000
12:34:48,0.01750,3.23671,3.23671,0.00000
12:34:49,0.01000,3.30032,3.30032,0.00000
12:34:50,0.01003,3.30009,3.30009,0.00000
12:34:51,0.01504,3.25626,3.25626,0.00000
12:34:52,0.02250,3.20072,3.20072,0.00000
12:34:53,0.00752,3.32415,3.32415,0.00000
12:34:54,0.00752,3.32415,3.32415,0.00000
12:34:55,0.01496,3.25688,3.25688,0.00000
12:34:56,0.20526,3.19204,3.19204,0.00000
12:34:57,0.22812,3.24682,3.24682,0.00000
12:34:58,0.23545,3.26619,3.26619,0.00000
12:34:59,0.23684,3.26998,3.26998,0.00000
12:35:00,0.24607,3.29595,3.29595,0.00000
12:35:01,0.23138,3.25534,3.25534,0.00000
12:35:02,0.22933,3.24997,3.24997,0.00000
12:35:03,0.22460,3.23786,3.23786,0.00000
12:35:04,0.28721,3.43224,3.43224,0.00000
12:35:05,0.22460,3.23786,3.23786,0.00000
12:35:06,0.22493,3.23870,3.23870,0.00000
12:35:07,0.22872,3.24839,3.24839,0.00000
12:35:08,0.25000,3.30748,3.30748,0.00000
12:35:09,0.27638,3.39295,3.39295,0.00000
12:35:10,0.23575,3.26701,3.26701,0.00000
12:35:11,0.07500,3.03377,3.03377,0.00000
12:35:12,0.18362,3.14694,3.14694,0.00000
12:35:13,0.26884,3.36706,3.36706,0.00000
12:35:14,0.27000,3.37095,3.37095,0.00000
12:35:15,0.28894,3.43880,3.43880,0.00000
12:35:16,0.28894,3.43880,3.43880,0.00000
12:35:17,0.47545,4.43678,4.43678,0.00000
12:35:18,0.50251,4.59704,4.59704,0.00000
12:35:19,0.47970,4.46223,4.46223,0.00000
12:35:20,0.49000,4.52359,4.52359,0.00000
12:35:21,0.48615,4.50072,4.50072,0.00000
12:35:22,0.47583,4.43904,4.43904,0.00000
12:35:23,0.48872,4.51603,4.51603,0.00000
12:35:24,0.47980,4.46286,4.46286,0.00000
12:35:25,0.47315,4.42292,4.42292,0.00000
12:35:26,0.48750,4.50878,4.50878,0.00000
12:35:27,0.50251,4.59704,4.59704,0.00000
12:35:28,0.47301,4.42207,4.42207,0.00000
12:35:29,0.48485,4.49301,4.49301,0.00000
12:35:30,0.47532,4.43601,4.43601,0.00000
12:35:31,0.48731,4.50766,4.50766,0.00000
12:35:32,0.47150,4.41301,4.41301,0.00000
12:35:33,0.49490,4.55251,4.55251,0.00000
12:35:34,0.48214,4.47687,4.47687,0.00000
12:35:35,0.47013,4.40474,4.40474,0.00000
12:35:36,0.28571,3.42668,3.42668,0.00000
12:35:37,0.26617,3.35816,3.35816,0.00000
12:35:38,0.26000,3.33821,3.33821,0.00000
12:35:39,0.05779,3.05630,3.05630,0.00000
12:35:40,0.01750,3.23671,3.23671,0.00000
12:35:41,0.01504,3.25626,3.25626,0.00000
12:35:42,0.02500,3.18448,3.18448,0.00000
12:35:43,0.03000,3.15525,3.15525,0.00000
12:35:44,0.01504,3.25626,3.25626,0.00000
12:35:45,0.02494,3.18487,3.18487,0.00000
12:35:46,0.01504,3.25626,3.25626,0.00000
12:35:47,0.01750,3.23671,3.23671,0.00000
12:35:48,0.03759,3.11840,3.11840,0.00000
12:35:49,0.26434,3.35216,3.35216,0.00000
12:35:50,0.27569,3.39052,3.39052,0.00000
12:35:51,0.25258,3.31521,3.31521,0.00000
12:35:52,0.25935,3.33615,3.33615,0.00000
12:35:53,0.26434,3.35216,3.35216,0.00000
12:35:54,0.29723,3.47091,3.47091,0.00000
12:35:55,0.40000,3.98367,3.98367,0.00000
12:35:56,0.46094,4.34915,4.34915,0.00000
12:35:57,0.48477,4.49256,4.49256,0.00000
12:35:58,0.48744,4.50841,4.50841,0.00000
12:35:59,0.47135,4.41211,4.41211,0.00000
12:36:00,0.46547,4.37662,4.37662,0.00000
12:36:01,0.48469,4.49208,4.49208,0.00000
12:36:02,0.49227,4.53701,4.53701,0.00000
12:36:03,0.48477,4.49256,4.49256,0.00000
12:36:04,0.48092,4.46954,4.46954,0.00000
12:36:05,0.45313,4.30177,4.30177,0.00000
12:36:06,0.48354,4.48522,4.48522,0.00000
12:36:07,0.47194,4.41565,4.41565,0.00000
12:36:08,0.47959,4.46162,4.46162,0.00000
12:36:09,0.48964,4.52146,4.52146,0.00000
12:36:10,0.46494,4.37335,4.37335,0.00000
12:36:11,0.47315,4.42292,4.42292,0.00000
12:36:12,0.48615,4.50072,4.50072,0.00000
12:36:13,0.48082,4.46897,4.46897,0.00000
12:36:14,0.42569,4.13574,4.13574,0.00000
12:36:15,0.28250,3.41485,3.41485,0.00000
12:36:16,0.26633,3.35870,3.35870,0.00000
12:36:17,0.14787,3.08489,3.08489,0.00000
12:36:18,0.02005,3.21775,3.21775,0.00000
12:36:19,0.00750,3.32433,3.32433,0.00000
12:36:20,0.01000,3.30032,3.30032,0.00000
12:36:21,0.02010,3.21739,3.21739,0.00000
12:36:22,0.01750,3.23671,3.23671,0.00000
12:36:23,0.01746,3.23704,3.23704,0.00000
12:36:24,0.04010,3.10805,3.10805,0.00000
12:36:25,0.01504,3.25626,3.25626,0.00000
12:36:26,0.01995,3.21847,3.21847,0.00000
12:36:27,0.15113,3.08992,3.08992,0.00000
12:36:28,0.24156,3.28305,3.28305,0.00000
12:36:29,0.14759,3.08447,3.08447,0.00000
12:36:30,0.19945,3.17931,3.17931,0.00000
12:36:31,0.13353,3.06459,3.06459,0.00000
12:36:32,0.27068,3.37325,3.37325,0.00000
12:36:33,0.27750,3.39689,3.39689,0.00000
12:36:34,0.27750,3.39689,3.39689,0.00000
12:36:35,0.31078,3.52667,3.52667,0.00000
12:36:36,0.49490,4.55251,4.55251,0.00000
12:36:37,0.47545,4.43678,4.43678,0.00000
12:36:38,0.48072,4.46838,4.46838,0.00000
12:36:39,0.48205,4.47633,4.47633,0.00000
12:36:40,0.48601,4.49991,4.49991,0.00000
12:36:41,0.48214,4.47687,4.47687,0.00000
12:36:42,0.47423,4.42941,4.42941,0.00000
12:36:43,0.47692,4.44561,4.44561,0.00000
12:36:44,0.48223,4.47742,4.47742,0.00000
12:36:45,0.50125,4.58967,4.58967,0.00000
12:36:46,0.46907,4.39836,4.39836,0.00000
12:36:47,0.47165,4.41391,4.41391,0.00000
12:36:48,0.48608,4.50032,4.50032,0.00000
12:36:49,0.48223,4.47742,4.47742,0.00000
12:36:50,0.49123,4.53085,4.53085,0.00000
12:36:51,0.48354,4.48522,4.48522,0.00000
12:36:52,0.48469,4.49208,4.49208,0.00000
12:36:53,0.49500,4.55309,4.55309,0.00000
12:36:54,0.48579,4.49861,4.49861,0.00000
12:36:55,0.27387,3.38419,3.38419,0.00000
12:36:56,0.27500,3.38811,3.38811,0.00000
12:36:57,0.12968,3.05968,3.05968,0.00000
12:36:58,0.01508,3.25595,3.25595,0.00000
12:36:59,0.01754,3.23637,3.23637,0.00000
12:37:00,0.03008,3.15484,3.15484,0.00000
12:37:01,0.02500,3.18448,3.18448,0.00000
12:37:02,0.03008,3.15484,3.15484,0.00000
12:37:03,0.04010,3.10805,3.10805,0.00000
12:37:04,0.03008,3.15484,3.15484,0.00000
12:37:05,0.02757,3.16894,3.16894,0.00000
12:37:06,0.02005,3.21775,3.21775,0.00000
12:37:07,0.16500,3.11274,3.11274,0.00000
12:37:08,0.28321,3.41744,3.41744,0.00000
12:37:09,0.06767,3.04063,3.04063,0.00000
12:37:10,0.02005,3.21775,3.21775,0.00000
12:37:11,0.01003,3.30009,3.30009,0.00000
12:37:12,0.01750,3.23671,3.23671,0.00000
12:37:13,0.01000,3.30032,3.30032,0.00000
12:37:14,0.01003,3.30009,3.30009,0.00000
12:37:15,0.02506,3.18408,3.18408,0.00000
12:37:16,0.01746,3.23704,3.23704,0.00000
12:37:17,0.00752,3.32415,3.32415,0.00000
12:37:18,0.01500,3.25657,3.25657,0.00000
12:37:19,0.00752,3.32415,3.32415,0.00000
12:37:20,0.01250,3.27776,3.27776,0.00000
12:37:21,0.01504,3.25626,3.25626,0.00000
12:37:22,0.02494,3.18487,3.18487,0.00000
12:37:23,0.00752,3.32415,3.32415,0.00000
12:37:24,0.01500,3.25657,3.25657,0.00000
12:37:25,0.01250,3.27776,3.27776,0.00000
12:37:26,0.01250,3.27776,3.27776,0.00000
12:37:27,0.02757,3.16894,3.16894,0.00000
12:37:28,0.01000,3.30032,3.30032,0.00000
12:37:29,0.01000,3.30032,3.30032,0.00000
12:37:30,0.01504,3.25626,3.25626,0.00000
12:37:31,0.00752,3.32415,3.32415,0.00000
12:37:32,0.02250,3.20072,3.20072,0.00000
12:37:33,0.01504,3.25626,3.25626,0.00000
12:37:34,0.01000,3.30032,3.30032,0.00000
12:37:35,0.01750,3.23671,3.23671,0.00000
12:37:36,0.01000,3.30032,3.30032,0.00000
12:37:37,0.02250,3.20072,3.20072,0.00000
12:37:38,0.00752,3.32415,3.32415,0.00000
12:37:39,0.02250,3.20072,3.20072,0.00000
12:37:40,0.00752,3.32415,3.32415,0.00000
12:37:41,0.00251,3.37688,3.37688,0.00000
12:37:42,0.01504,3.25626,3.25626,0.00000
12:37:43,0.02244,3.20110,3.20110,0.00000
12:37:44,0.02256,3.20034,3.20034,0.00000
12:37:45,0.02970,3.15687,3.15687,0.00000
12:37:46,0.00754,3.32396,3.32396,0.00000
12:37:47,0.01000,3.30032,3.30032,0.00000
12:37:48,0.06053,3.05113,3.05113,0.00000
12:37:49,0.08861,3.02956,3.02956,0.00000
12:37:50,0.07161,3.03649,3.03649,0.00000
12:37:51,0.37626,3.84914,3.84914,0.00000
12:37:52,0.10797,3.03768,3.03768,0.00000
12:37:53,0.08060,3.03082,3.03082,0.00000
12:37:54,0.18020,3.14036,3.14036,0.00000
12:37:55,0.07071,3.03734,3.03734,0.00000
12:37:56,0.02525,3.18290,3.18290,0.00000
12:37:57,0.23544,3.26617,3.26617,0.00000
12:37:58,0.33163,3.62025,3.62025,0.00000
12:37:59,0.26700,3.36092,3.36092,0.00000
12:38:00,0.26804,3.36438,3.36438,0.00000
12:38:01,0.02256,3.20034,3.20034,0.00000
12:38:02,0.03000,3.15525,3.15525,0.00000
12:38:03,0.02261,3.19996,3.19996,0.00000
12:38:04,0.00752,3.32415,3.32415,0.00000
12:38:05,0.03266,3.14134,3.14134,0.00000
12:38:06,0.15857,3.10186,3.10186,0.00000
12:38:07,0.05316,3.06659,3.06659,0.00000
12:38:08,0.04545,3.08865,3.08865,0.00000
12:38:09,0.15522,3.09639,3.09639,0.00000
12:38:10,0.14213,3.07641,3.07641,0.00000
12:38:11,0.11692,3.04543,3.04543,0.00000
12:38:12,0.14394,3.07903,3.07903,0.00000
12:38:13,0.06045,3.05127,3.05127,0.00000
12:38:14,0.02764,3.16853,3.16853,0.00000
12:38:15,0.02500,3.18448,3.18448,0.00000
12:38:16,0.03731,3.11961,3.11961,0.00000
12:38:17,0.06203,3.04858,3.04858,0.00000
12:38:18,0.04261,3.09852,3.09852,0.00000
12:38:19,0.03008,3.15484,3.15484,0.00000
12:38:20,0.02764,3.16853,3.16853,0.00000
12:38:21,0.03553,3.12756,3.12756,0.00000
12:38:22,0.06516,3.04386,3.04386,0.00000
12:38:23,0.04293,3.09735,3.09735,0.00000
12:38:24,0.05038,3.07382,3.07382,0.00000
12:38:25,0.02015,3.21702,3.21702,0.00000
12:38:26,0.01259,3.27693,3.27693,0.00000
12:38:27,0.02500,3.18448,3.18448,0.00000
12:38:28,0.03750,3.11880,3.11880,0.00000
12:38:29,0.02250,3.20072,3.20072,0.00000
12:38:30,0.02519,3.18330,3.18330,0.00000
12:38:31,0.01754,3.23637,3.23637,0.00000
12:38:32,0.07232,3.03586,3.03586,0.00000
12:38:33,0.08838,3.02955,3.02955,0.00000
12:38:34,0.05570,3.06070,3.06070,0.00000
12:38:35,0.02005,3.21775,3.21775,0.00000
12:38:36,0.04500,3.09016,3.09016,0.00000
12:38:37,0.03797,3.11677,3.11677,0.00000
12:38:38,0.07789,3.03202,3.03202,0.00000
12:38:39,0.04030,3.10725,3.10725,0.00000
12:38:40,0.02005,3.21775,3.21775,0.00000
12:38:41,0.03250,3.14216,3.14216,0.00000
12:38:42,0.04545,3.08865,3.08865,0.00000
12:38:43,0.07481,3.03390,3.03390,0.00000
12:38:44,0.05025,3.07417,3.07417,0.00000
12:38:45,0.05750,3.05688,3.05688,0.00000
12:38:46,0.02005,3.21775,3.21775,0.00000
12:38:47,0.02005,3.21775,3.21775,0.00000
12:38:48,0.08229,3.03028,3.03028,0.00000
12:38:49,0.03509,3.12962,3.12962,0.00000
12:38:50,0.02010,3.21739,3.21739,0.00000
12:38:51,0.02525,3.18290,3.18290,0.00000
12:38:52,0.02000,3.21811,3.21811,0.00000
12:38:53,0.02041,3.21519,3.21519,0.00000
12:38:54,0.04534,3.08903,3.08903,0.00000
12:38:55,0.01763,3.23569,3.23569,0.00000
12:38:56,0.08312,3.03007,3.03007,0.00000
12:38:57,0.17857,3.13727,3.13727,0.00000
12:38:58,0.03797,3.11677,3.11677,0.00000
12:38:59,0.03526,3.12880,3.12880,0.00000
12:39:00,0.01759,3.23603,3.23603,0.00000
12:39:01,0.02494,3.18487,3.18487,0.00000
12:39:02,0.01519,3.25502,3.25502,0.00000
12:39:03,0.02743,3.16974,3.16974,0.00000
12:39:04,0.03023,3.15402,3.15402,0.00000
12:39:05,0.01759,3.23603,3.23603,0.00000
12:39:06,0.02015,3.21702,3.21702,0.00000
12:39:07,0.01508,3.25595,3.25595,0.00000
12:39:08,0.02000,3.21811,3.21811,0.00000
12:39:09,0.03509,3.12962,3.12962,0.00000
12:39:10,0.03266,3.14134,3.14134,0.00000
12:39:11,0.03258,3.14175,3.14175,0.00000
12:39:12,0.05250,3.06824,3.06824,0.00000
12:39:13,0.01754,3.23637,3.23637,0.00000
12:39:14,0.00752,3.32415,3.32415,0.00000
12:39:15,0.01508,3.25595,3.25595,0.00000
12:39:16,0.01508,3.25595,3.25595,0.00000
12:39:17,0.03226,3.14338,3.14338,0.00000
12:39:18,0.11667,3.04519,3.04519,0.00000
12:39:19,0.03750,3.11880,3.11880,0.00000
12:39:20,0.01754,3.23637,3.23637,0.00000
12:39:21,0.02506,3.18408,3.18408,0.00000
12:39:22,0.01508,3.25595,3.25595,0.00000
12:39:23,0.02771,3.16813,3.16813,0.00000
12:39:24,0.05263,3.06791,3.06791,0.00000
12:39:25,0.01995,3.21847,3.21847,0.00000
12:39:26,0.01259,3.27693,3.27693,0.00000
12:39:27,0.02506,3.18408,3.18408,0.00000
12:39:28,0.01754,3.23637,3.23637,0.00000
12:39:29,0.03015,3.15443,3.15443,0.00000
12:39:30,0.02010,3.21739,3.21739,0.00000
12:39:31,0.01508,3.25595,3.25595,0.00000
12:39:32,0.02000,3.21811,3.21811,0.00000
12:39:33,0.02010,3.21739,3.21739,0.00000
12:39:34,0.05089,3.07243,3.07243,0.00000
12:39:35,0.04835,3.07961,3.07961,0.00000
12:39:36,0.13043,3.06062,3.06062,0.00000
12:39:37,0.02025,3.21629,3.21629,0.00000
12:39:38,0.01005,3.29985,3.29985,0.00000
12:39:39,0.03518,3.12921,3.12921,0.00000
12:39:40,0.05556,3.06101,3.06101,0.00000
12:39:41,0.02000,3.21811,3.21811,0.00000
12:39:42,0.05779,3.05630,3.05630,0.00000
12:39:43,0.22670,3.24319,3.24319,0.00000
12:39:44,0.11139,3.04040,3.04040,0.00000
12:39:45,0.12039,3.04898,3.04898,0.00000
12:39:46,0.11823,3.04674,3.04674,0.00000
12:39:47,0.21235,3.20817,3.20817,0.00000
12:39:48,0.17690,3.13414,3.13414,0.00000
12:39:49,0.20732,3.19664,3.19664,0.00000
12:39:50,0.18342,3.14655,3.14655,0.00000
12:39:51,0.25255,3.31513,3.31513,0.00000
12:39:52,0.18701,3.15362,3.15362,0.00000
12:39:53,0.13995,3.07330,3.07330,0.00000
12:39:54,0.05076,3.07278,3.07278,0.00000
