12:07:09; 95.0;  1.0
12:07:10; 85.5;  1.5
12:07:11; 84.3;  4.1
12:07:12; 82.5;  5.4
12:07:13; 82.6;  5.8
12:07:14; 81.8;  6.2
12:07:15; 81.8;  6.5
12:07:16; 80.5;  7.1
12:07:17; 82.6;  7.5
12:07:18; 74.8;  8.0
12:07:19; 75.2;  8.2
12:07:20; 75.6;  8.5
12:07:21; 78.0;  9.2
12:07:23; 76.8;  9.9
12:07:24; 73.4; 11.2
12:07:25; 69.9; 12.4
12:07:26; 66.8; 13.7
12:07:27; 64.1; 14.9
12:07:28; 61.5; 16.1
12:07:29; 59.5; 17.3
12:07:30; 57.9; 18.6
12:07:31; 53.6; 19.8
12:07:32; 52.0; 21.1
12:07:33; 50.6; 22.3
12:07:34; 52.2; 24.7
12:07:36; 54.1; 31.6
12:07:37; 56.0; 42.2
12:07:38; 58.0; 35.9
12:07:39; 61.8; 36.0
12:07:40; 65.5; 36.0
12:07:41; 69.0; 36.0
12:07:42; 72.1; 36.0
12:07:43; 75.0; 36.0
12:07:44; 77.9; 36.0
12:07:45; 78.4; 36.0
12:07:46; 80.8; 36.1
12:07:47; 83.2; 36.1
12:07:49; 85.4; 36.1
12:07:50; 87.6; 36.1
12:07:51; 89.7; 36.1
12:07:52; 91.6; 36.1
12:07:53; 93.5; 36.1
12:07:54; 95.4; 36.1
12:07:55; 97.1; 36.1
12:07:56; 98.7; 36.1
12:07:57; 97.8; 36.1
12:07:58; 98.0; 36.1
12:07:59; 98.2; 36.1
12:08:00; 97.5; 36.4
12:08:02; 95.7; 36.4
12:08:03; 93.9; 36.4
12:08:04; 92.2; 36.4
12:08:05; 90.6; 36.4
12:08:06; 89.1; 36.4
12:08:07; 87.5; 36.4
12:08:08; 86.1; 36.4
12:08:09; 84.7; 36.4
12:08:10; 83.5; 36.6
12:08:11; 83.7; 36.9
12:08:12; 83.0; 37.8
12:08:13; 80.7; 39.0
12:08:14; 80.4; 46.8
12:08:15; 80.8; 38.1
12:08:17; 81.2; 44.9
12:08:18; 81.6; 54.5
12:08:19; 82.1; 50.0
12:08:20; 83.4; 50.1
12:08:21; 84.7; 50.1
12:08:22; 85.9; 50.1
12:08:23; 87.1; 50.1
12:08:24; 88.3; 50.1
12:08:25; 89.5; 50.1
12:08:26; 89.4; 50.1
12:08:27; 90.5; 50.1
12:08:28; 91.6; 50.2
12:08:30; 92.6; 50.2
12:08:31; 93.6; 50.2
12:08:32; 94.7; 50.2
12:08:33; 95.6; 50.2
12:08:34; 96.5; 50.2
12:08:35; 97.4; 50.2
12:08:36; 98.4; 50.2
12:08:37; 99.2; 50.2
12:08:38; 99.8; 50.2
12:08:39; 98.8; 37.2
12:08:40; 98.9; 37.2
12:08:41; 98.0; 37.2
12:08:42; 97.0; 37.2
12:08:44; 96.0; 37.2
12:08:45; 95.0; 37.2
12:08:46; 94.0; 37.2
12:08:47; 93.1; 37.2
12:08:48; 92.1; 37.2
12:08:49; 91.2; 37.2
12:08:50; 90.3; 37.2
12:08:51; 90.0; 37.2
12:08:52; 90.1; 40.1
12:08:53; 89.4; 41.4
12:08:54; 88.5; 37.7
12:08:55; 88.7; 41.4
12:08:56; 88.8; 48.5
12:08:57; 89.0; 62.0
12:08:59; 89.6; 50.4
12:09:00; 90.4; 50.4
12:09:01; 91.1; 50.4
12:09:02; 91.9; 50.4
12:09:03; 92.6; 50.4
12:09:04; 93.3; 50.5
12:09:05; 94.0; 50.5
12:09:06; 94.7; 50.5
12:09:07; 94.6; 50.5
12:09:08; 95.3; 50.5
12:09:09; 96.0; 50.5
12:09:11; 96.6; 50.5
12:09:12; 97.2; 50.5
12:09:13; 97.9; 50.5
12:09:14; 98.5; 50.5
12:09:15; 99.1; 50.5
12:09:16; 99.7; 50.5
12:09:17;  100; 50.5
12:09:18;  100; 50.5
12:09:19;  100; 50.5
12:09:20; 99.3; 50.5
12:09:21; 98.6; 50.5
12:09:22; 97.8; 50.5
12:09:23; 97.1; 50.5
12:09:24; 96.4; 50.5
12:09:26; 95.7; 50.5
12:09:27; 95.0; 50.5
12:09:28; 94.3; 50.5
12:09:29; 93.7; 50.5
12:09:30; 93.1; 50.5
12:09:31; 93.3; 11.6
12:09:37; 55.0;  0.5
12:09:38; 66.5;  1.3
12:09:39; 72.0;  2.7
12:09:40; 76.0;  5.2
12:09:42; 77.6;  5.7
12:09:43; 78.1;  6.1
12:09:44; 78.7;  6.4
12:09:45; 78.7;  6.9
12:09:46; 81.7;  7.5
12:09:47; 81.5;  8.0
12:09:48; 80.8;  8.2
12:09:49; 80.8;  8.5
12:09:50; 82.4;  9.0
12:09:51; 83.7; 13.8
12:09:52; 79.0; 15.0
12:09:53; 70.6; 16.3
12:09:54; 71.6; 22.5
12:09:55; 73.5; 28.0
12:09:56; 75.2; 35.1
12:09:58; 76.7; 43.5
12:09:59; 80.1; 35.9
12:10:00; 84.1; 35.9
12:10:01; 88.0; 35.9
12:10:02; 91.4; 36.0
12:10:03; 94.7; 36.0
12:10:04; 97.7; 36.0
12:10:05;  100; 36.0
12:10:06;  103; 36.0
12:10:07;  102; 36.0
12:10:08;  104; 36.0
12:10:09;  106; 36.0
12:10:11;  108; 36.0
12:10:12;  110; 36.0
12:10:13;  112; 36.0
12:10:14;  114; 36.0
12:10:15;  115; 36.0
12:10:16;  117; 36.0
12:10:17;  118; 36.0
12:10:18;  118; 36.1
12:10:19;  115; 36.1
12:10:20;  115; 36.2
12:10:21;  113; 36.4
12:10:22;  110; 36.4
12:10:23;  108; 36.4
12:10:25;  106; 36.4
12:10:26;  104; 36.4
12:10:27;  101; 36.4
12:10:28; 99.9; 36.4
12:10:29; 98.0; 36.4
12:10:30; 96.1; 36.4
12:10:31; 94.3; 36.4
12:10:32; 92.6; 36.4
12:10:33; 91.0; 36.4
12:10:34; 87.8; 36.4
12:10:35; 86.3; 36.4
12:10:36; 84.9; 36.4
12:10:38; 83.5; 36.4
12:10:39; 82.2; 36.4
12:10:40; 80.9; 36.4
12:10:41; 79.6; 36.4
12:10:42; 78.4; 36.4
12:10:43; 77.2; 36.4
12:10:44; 76.0; 36.4
12:10:45; 74.9; 36.4
12:10:46; 73.8; 36.4
12:10:47; 72.8; 36.4
12:10:48; 70.7; 36.4
12:10:49; 70.4; 36.5
12:10:50; 70.9; 39.8
12:10:52; 71.4; 36.8
12:10:53; 71.9; 41.5
12:10:54; 72.3; 48.5
12:10:55; 72.8; 62.5
12:10:56; 73.8; 50.0
12:10:57; 75.1; 50.1
12:10:58; 76.3; 50.1
12:10:59; 77.6; 50.1
12:11:00; 78.8; 50.1
12:11:01; 79.0; 50.1
12:11:02; 80.1; 50.1
12:11:03; 81.2; 50.1
12:11:05; 82.3; 50.1
12:11:06; 83.3; 50.1
12:11:07; 84.4; 50.1
12:11:08; 85.4; 50.1
12:11:09; 86.4; 50.1
12:11:10; 87.4; 50.1
12:11:11; 88.4; 50.1
12:11:12; 89.3; 50.1
12:11:13; 90.2; 50.1
12:11:14; 90.2; 50.1
12:11:15; 90.4; 37.2
12:11:16; 90.5; 37.2
12:11:18; 90.4; 37.2
12:11:19; 89.5; 37.2
12:11:20; 88.7; 37.2
12:11:21; 87.8; 37.2
12:11:22; 87.0; 37.2
12:11:23; 86.1; 37.2
12:11:24; 85.3; 37.2
12:11:25; 84.6; 37.2
12:11:26; 83.8; 37.2
12:11:27; 83.0; 37.2
12:11:28; 83.1; 37.2
12:11:29; 82.5; 44.5
12:11:30; 81.9; 45.7
12:11:31; 81.3; 46.9
12:11:32; 80.7; 48.1
12:11:34; 80.9; 38.8
12:11:35; 81.2; 45.6
12:11:36; 81.4; 55.6
12:11:37; 81.7; 50.3
12:11:38; 82.5; 50.4
12:11:39; 83.2; 50.4
12:11:40; 84.0; 50.4
12:11:41; 84.7; 50.4
12:11:42; 85.4; 50.4
12:11:43; 85.5; 50.4
12:11:44; 86.2; 50.4
12:11:45; 86.9; 50.4
12:11:46; 87.6; 50.4
12:11:48; 88.2; 50.4
12:11:49; 88.9; 50.4
12:11:50; 89.5; 50.4
12:11:51; 90.2; 50.4
12:11:52; 90.8; 50.4
12:11:53; 91.5; 50.4
12:11:54; 92.1; 50.4
12:11:55; 92.7; 50.4
12:11:56; 92.5; 50.4
12:11:57; 92.6; 50.4
12:11:58; 92.7; 50.4
12:11:59; 92.0; 50.4
12:12:01; 91.4; 50.4
12:12:02; 90.7; 50.4
12:12:03; 90.1; 50.4
12:12:04; 89.5; 50.4
12:12:05; 88.9; 50.4
12:12:06; 88.3; 50.4
12:12:07; 87.7; 50.4
12:12:08; 87.1; 50.4
12:12:09; 87.0; 11.5
12:13:16;  116;  1.2
12:13:17;  111;  3.3
12:13:18;  110;  5.4
12:13:19;  109;  6.1
12:13:20;  108;  6.6
12:13:21; 96.1;  7.5
12:13:22; 97.5;  8.1
12:13:23; 98.4;  8.4
12:13:25; 99.5;  9.1
12:13:26; 98.0;  9.7
12:13:27; 91.1; 10.9
12:13:28; 85.3; 12.2
12:13:29; 80.2; 13.4
12:13:30; 79.0; 21.1
12:13:31; 75.6; 22.3
12:13:32; 76.6; 24.6
12:13:33; 78.2; 31.7
12:13:34; 79.9; 42.6
12:13:35; 77.9; 35.9
12:13:36; 82.3; 36.1
12:13:37; 86.4; 36.1
12:13:38; 90.1; 36.1
12:13:40; 93.6; 36.1
12:13:41; 96.8; 36.1
12:13:42; 99.9; 36.1
12:13:43;  102; 36.1
12:13:44;  105; 36.1
12:13:45;  107; 36.1
12:13:46;  109; 36.1
12:13:47;  111; 36.1
12:13:48;  110; 36.1
12:13:49;  112; 36.1
12:13:50;  114; 36.1
12:13:52;  115; 36.1
12:13:53;  117; 36.1
12:13:54;  119; 36.1
12:13:55;  119; 36.2
12:13:56;  119; 36.2
12:13:57;  119; 36.2
12:13:58;  117; 36.5
12:13:59;  114; 36.5
12:14:00;  112; 36.5
12:14:01;  109; 36.5
12:14:02;  105; 36.5
12:14:03;  103; 36.5
12:14:04;  100; 36.5
12:14:05; 98.9; 36.5
12:14:07; 97.0; 36.5
12:14:08; 95.7; 36.7
12:14:09; 96.0; 37.9
12:14:10; 95.0; 42.5
12:14:11; 95.2; 37.0
12:14:12; 95.4; 42.7
12:14:13; 95.6; 49.8
12:14:14; 95.8; 50.0
12:14:15; 96.9; 50.2
12:14:16; 96.6; 50.2
12:14:17; 97.9; 50.2
12:14:18; 99.2; 50.2
12:14:20;  100; 50.3
12:14:21;  101; 50.3
12:14:22;  102; 50.3
12:14:23;  103; 50.3
12:14:24;  104; 50.3
12:14:25;  106; 50.3
12:14:26;  107; 50.3
12:14:27;  108; 50.3
12:14:28;  108; 50.3
12:14:29;  108; 50.3
12:14:30;  109; 50.3
12:14:31;  110; 50.3
12:14:33;  111; 50.3
12:14:34;  111; 50.3
12:14:35;  111; 37.3
12:14:36;  111; 37.3
12:14:37;  110; 37.3
12:14:38;  109; 37.3
12:14:39;  108; 37.3
12:14:40;  106; 37.3
12:14:41;  105; 37.3
12:14:42;  104; 37.3
12:14:43;  102; 37.3
12:14:44;  101; 37.3
12:14:45; 99.9; 37.3
12:14:46; 98.9; 37.3
12:14:48; 99.0; 37.5
12:14:49; 98.6; 42.8
12:14:50; 97.7; 44.0
12:14:51; 97.2; 50.0
12:14:52; 97.3; 40.0
12:14:53; 97.4; 47.1
12:14:54; 97.5; 58.8
12:14:55; 97.8; 50.5
12:14:56; 98.6; 50.5
12:14:57; 98.4; 50.5
12:14:58; 99.2; 50.5
12:14:59; 99.9; 50.5
12:15:00;  100; 50.5
12:15:02;  101; 50.5
12:15:03;  102; 50.5
12:15:04;  102; 50.5
12:15:05;  103; 50.5
12:15:06;  104; 50.5
12:15:07;  104; 50.5
12:15:08;  105; 50.5
12:15:09;  106; 50.5
12:15:10;  105; 50.5
12:15:11;  106; 50.5
12:15:12;  106; 50.5
12:15:14;  107; 50.5
12:15:15;  107; 50.5
12:15:16;  107; 50.5
12:15:17;  107; 50.5
12:15:18;  106; 50.5
12:15:19;  105; 50.5
12:15:20;  104; 50.5
12:15:21;  103; 50.5
12:15:22;  103; 50.5
12:15:23;  102; 50.5
12:15:24;  100; 50.5
12:15:25;  100; 50.5
12:15:26; 99.2; 50.5
12:15:27; 99.2; 11.6
12:15:35;  101;  1.0
12:15:36; 89.5;  1.6
12:15:37; 90.3;  5.1
12:15:38; 88.7;  5.6
12:15:39; 86.8;  6.1
12:15:40; 86.0;  6.5
12:15:41; 85.0;  6.9
12:15:42; 78.1;  7.5
12:15:43; 78.3;  7.9
12:15:44; 77.5;  8.2
12:15:45; 78.2;  8.5
12:15:47; 79.2;  9.2
12:15:48; 81.2; 10.4
12:15:49; 79.8; 17.7
12:15:50; 75.7; 18.9
12:15:51; 73.4; 22.7
12:15:52; 75.3; 26.2
12:15:53; 77.0; 33.3
12:15:54; 78.6; 45.6
12:15:55; 81.0; 36.2
12:15:56; 85.4; 36.2
12:15:57; 85.7; 36.2
12:15:58; 89.2; 36.2
12:15:59; 92.7; 36.3
12:16:01; 95.7; 36.3
12:16:02; 98.6; 36.3
12:16:03;  101; 36.3
12:16:04;  103; 36.3
12:16:05;  106; 36.3
12:16:06;  108; 36.3
12:16:07;  110; 36.3
12:16:08;  112; 36.3
12:16:09;  114; 36.3
12:16:10;  113; 36.3
12:16:11;  114; 36.3
12:16:12;  116; 36.3
12:16:14;  117; 36.3
12:16:15;  118; 36.3
12:16:16;  117; 36.3
12:16:17;  117; 36.6
12:16:18;  115; 36.6
12:16:19;  112; 36.6
12:16:20;  110; 36.6
12:16:21;  107; 36.6
12:16:22;  105; 36.6
12:16:23;  103; 36.6
12:16:24; 99.3; 36.6
12:16:25; 97.4; 36.6
12:16:26; 95.6; 36.6
12:16:27; 94.9; 36.8
12:16:29; 95.2; 42.1
12:16:30; 95.4; 37.2
12:16:31; 95.6; 42.7
12:16:32; 95.8; 49.9
12:16:33; 96.0; 50.1
12:16:34; 97.1; 50.3
12:16:35; 98.4; 50.3
12:16:36; 99.5; 50.3
12:16:37;  100; 50.4
12:16:38;  100; 50.4
12:16:39;  101; 50.4
12:16:40;  102; 50.4
12:16:42;  103; 50.4
12:16:43;  104; 50.4
12:16:44;  106; 50.4
12:16:45;  107; 50.4
12:16:46;  108; 50.4
12:16:47;  108; 50.4
12:16:48;  109; 50.4
12:16:49;  110; 50.4
12:16:50;  111; 50.4
12:16:51;  110; 50.4
12:16:52;  111; 50.4
12:16:53;  111; 37.5
12:16:54;  111; 37.5
12:16:56;  110; 37.5
12:16:57;  109; 37.5
12:16:58;  108; 37.5
12:16:59;  106; 37.5
12:17:00;  105; 37.5
12:17:01;  104; 37.5
12:17:02;  103; 37.5
12:17:03;  102; 37.5
12:17:04;  101; 37.5
12:17:05; 99.8; 37.5
12:17:06; 97.7; 37.5
12:17:07; 96.7; 37.5
12:17:08; 95.6; 37.5
12:17:10; 94.6; 37.5
12:17:11; 93.7; 37.5
12:17:12; 92.7; 37.5
12:17:13; 91.8; 37.5
12:17:14; 90.9; 37.5
12:17:15; 90.0; 37.5
12:17:16; 89.1; 37.5
12:17:17; 88.2; 37.5
12:17:18; 87.4; 37.5
12:17:19; 86.5; 37.5
12:17:20; 84.9; 37.5
12:17:21; 84.1; 37.5
12:17:22; 83.3; 37.5
12:17:23; 82.6; 37.5
12:17:25; 82.3; 37.5
12:17:26; 82.3; 37.8
12:17:27; 81.7; 39.0
12:17:28; 81.1; 40.3
12:17:29; 81.0; 48.2
12:17:30; 81.0; 37.6
12:17:31; 81.2; 44.2
12:17:32; 81.4; 52.3
12:17:33; 81.6; 50.6
12:17:34; 82.4; 50.6
12:17:35; 82.5; 50.6
12:17:36; 83.3; 50.6
12:17:37; 84.0; 50.6
12:17:39; 84.7; 50.6
12:17:40; 85.5; 50.6
12:17:41; 86.2; 50.6
12:17:42; 86.9; 50.6
12:17:43; 87.6; 50.6
12:17:44; 88.2; 50.6
12:17:45; 88.9; 50.6
12:17:46; 89.6; 50.6
12:17:47; 89.5; 50.6
12:17:48; 90.2; 50.6
12:17:49; 90.8; 50.6
12:17:50; 91.4; 50.6
12:17:52; 92.0; 50.6
12:17:53; 92.5; 50.6
12:17:54; 92.6; 50.6
12:17:55; 92.7; 50.6
12:17:56; 92.0; 50.6
12:17:57; 91.4; 50.6
12:17:58; 90.8; 50.6
12:17:59; 90.1; 50.6
12:18:00; 89.5; 50.6
12:18:01; 88.9; 50.6
12:18:02; 87.7; 50.6
12:18:03; 87.1; 50.6
12:18:04; 86.5; 50.6
12:18:06; 86.5; 11.7
12:18:14;  0.0;  0.9
12:18:15;  184;  1.6
12:18:16;  145;  5.3
12:18:17;  132;  5.9
12:18:18;  100;  6.5
12:18:19;  101;  7.2
12:18:20;  105;  7.8
12:18:21;  105;  8.3
12:18:23;  106;  9.1
12:18:24;  106;  9.6
12:18:25;  100; 13.4
12:18:26; 93.7; 14.6
12:18:27; 90.6; 21.2
12:18:28; 85.2; 22.4
12:18:29; 85.4; 24.5
12:18:30; 86.8; 31.6
12:18:31; 88.0; 42.3
12:18:32; 89.5; 36.0
12:18:33; 89.3; 36.1
12:18:34; 93.3; 36.2
12:18:35; 97.2; 36.2
12:18:36;  100; 36.2
12:18:38;  103; 36.2
12:18:39;  106; 36.2
12:18:40;  109; 36.2
12:18:41;  111; 36.2
12:18:42;  114; 36.2
12:18:43;  116; 36.2
12:18:44;  118; 36.2
12:18:45;  120; 36.2
12:18:46;  118; 36.2
12:18:47;  120; 36.2
12:18:48;  121; 36.2
12:18:49;  123; 36.2
12:18:51;  124; 36.2
12:18:52;  125; 36.2
12:18:53;  124; 36.3
12:18:54;  124; 36.3
12:18:55;  122; 36.6
12:18:56;  119; 36.6
12:18:57;  116; 36.6
12:18:58;  114; 36.6
12:18:59;  111; 36.6
12:19:00;  109; 36.6
12:19:01;  104; 36.6
12:19:02;  102; 36.6
12:19:03;  100; 36.6
12:19:04; 98.8; 36.7
12:19:06; 99.0; 37.0
12:19:07; 99.1; 46.0
12:19:08; 99.3; 40.0
12:19:09; 99.4; 47.1
12:19:10; 99.6; 59.3
12:19:11;  100; 50.2
12:19:12;  101; 50.2
12:19:13;  102; 50.2
12:19:14;  104; 50.2
12:19:15;  103; 50.2
12:19:16;  104; 50.2
12:19:17;  105; 50.3
12:19:19;  106; 50.3
12:19:20;  107; 50.3
12:19:21;  109; 50.3
12:19:22;  110; 50.3
12:19:23;  111; 50.3
12:19:24;  111; 50.3
12:19:25;  112; 50.3
12:19:26;  113; 50.3
12:19:27;  114; 50.3
12:19:28;  114; 50.3
12:19:29;  114; 50.3
12:19:30;  114; 37.3
12:19:31;  114; 37.3
12:19:33;  114; 37.3
12:19:34;  113; 37.3
12:19:35;  111; 37.3
12:19:36;  110; 37.3
12:19:37;  108; 37.3
12:19:38;  107; 37.3
12:19:39;  106; 37.3
12:19:40;  105; 37.3
12:19:41;  103; 37.3
12:19:42;  102; 37.3
12:19:43;  101; 37.3
12:19:44;  101; 42.8
12:19:45;  100; 44.0
12:19:46; 99.4; 45.2
12:19:48; 99.4; 37.3
12:19:49; 99.5; 43.9
12:19:50; 99.6; 51.8
12:19:51; 99.6; 50.3
12:19:52;  100; 50.4
12:19:53;  101; 50.4
12:19:54;  101; 50.4
12:19:55;  102; 50.4
12:19:56;  103; 50.4
12:19:57;  103; 50.4
12:19:58;  103; 50.4
12:19:59;  104; 50.4
12:20:01;  105; 50.4
12:20:02;  105; 50.4
12:20:03;  106; 50.4
12:20:04;  107; 50.4
12:20:05;  107; 50.4
12:20:06;  108; 50.4
12:20:07;  109; 50.4
12:20:08;  109; 50.4
12:20:09;  110; 50.4
12:20:10;  109; 50.4
12:20:11;  109; 50.4
12:20:12;  109; 50.4
12:20:13;  108; 50.4
12:20:15;  107; 50.4
12:20:16;  106; 50.4
12:20:17;  106; 50.4
12:20:18;  105; 50.4
12:20:19;  104; 50.4
12:20:20;  103; 50.4
12:20:21;  102; 50.4
12:20:22;  101; 50.4
12:20:23;  101; 50.4
12:20:24;  100; 50.4
12:20:25; 98.8; 50.4
12:20:26; 98.0; 50.4
12:20:27; 97.3; 50.4
12:20:28; 96.6; 50.4
12:20:30; 95.9; 50.4
12:20:31; 95.2; 50.4
12:20:32; 94.5; 50.4
12:20:33; 93.8; 50.4
12:20:34; 93.1; 50.4
12:20:35; 92.5; 50.4
12:20:36; 91.8; 50.4
12:20:37; 91.2; 50.4
12:20:38; 90.5; 50.4
12:20:39; 89.9; 50.4
12:20:40; 88.7; 50.4
12:20:41; 88.1; 50.4
12:20:42; 87.9; 11.5
12:20:43; 88.0; 11.5
12:21:33;  0.0;  0.3
12:21:34;  111;  1.2
12:21:35; 96.0;  1.6
12:21:36; 94.6;  5.1
12:21:37; 92.0;  5.6
12:21:38; 89.4;  6.0
12:21:39; 88.1;  6.4
12:21:40; 86.8;  6.8
12:21:41; 79.5;  7.5
12:21:42; 79.3;  7.8
12:21:43; 78.9;  8.2
12:21:44; 79.2;  8.5
12:21:46; 80.6;  9.1
12:21:47; 81.2;  9.6
12:21:48; 80.0; 17.8
12:21:49; 76.0; 19.0
12:21:50; 74.5; 22.6
12:21:51; 76.5; 27.2
12:21:52; 78.1; 34.3
12:21:53; 79.6; 48.2
12:21:54; 82.5; 36.0
12:21:55; 86.6; 36.1
12:21:56; 86.7; 36.1
12:21:57; 90.3; 36.1
12:21:58; 93.6; 36.1
12:22:00; 96.7; 36.1
12:22:01; 99.5; 36.1
12:22:02;  101; 36.1
12:22:03;  104; 36.1
12:22:04;  106; 36.1
12:22:05;  108; 36.1
12:22:06;  111; 36.1
12:22:07;  113; 36.1
12:22:08;  115; 36.1
12:22:09;  113; 36.1
12:22:10;  115; 36.1
12:22:11;  117; 36.1
12:22:13;  118; 36.1
12:22:14;  118; 36.2
12:22:15;  118; 36.2
12:22:16;  117; 36.5
12:22:17;  115; 36.5
12:22:18;  112; 36.5
12:22:19;  110; 36.5
12:22:20;  107; 36.5
12:22:21;  105; 36.5
12:22:22;  103; 36.5
12:22:23; 99.2; 36.5
12:22:24; 97.3; 36.5
12:22:25; 95.4; 36.5
12:22:26; 95.1; 36.6
12:22:28; 95.3; 43.4
12:22:29; 95.5; 37.0
12:22:30; 95.7; 43.4
12:22:31; 96.0; 51.1
12:22:32; 96.2; 50.0
12:22:33; 97.4; 50.1
12:22:34; 98.7; 50.1
12:22:35;  100; 50.1
12:22:36;  101; 50.1
12:22:37;  100; 50.1
12:22:38;  101; 50.1
12:22:39;  103; 50.1
12:22:41;  104; 50.1
12:22:42;  105; 50.1
12:22:43;  106; 50.2
12:22:44;  107; 50.2
12:22:45;  108; 50.2
12:22:46;  109; 50.2
12:22:47;  110; 50.2
12:22:48;  111; 50.2
12:22:49;  111; 50.2
12:22:50;  111; 50.2
12:22:51;  111; 50.2
12:22:52;  111; 37.2
12:22:54;  111; 37.2
12:22:55;  110; 37.2
12:22:56;  109; 37.2
12:22:57;  108; 37.2
12:22:58;  106; 37.2
12:22:59;  105; 37.2
12:23:00;  104; 37.2
12:23:01;  103; 37.2
12:23:02;  102; 37.2
12:23:03;  101; 37.2
12:23:04; 99.9; 37.2
12:23:05; 97.7; 37.2
12:23:06; 96.7; 37.2
12:23:07; 95.7; 37.2
12:23:08; 94.7; 37.2
12:23:10; 93.7; 37.2
12:23:11; 92.7; 37.2
12:23:12; 91.8; 37.2
12:23:13; 90.9; 37.2
12:23:14; 90.0; 37.2
12:23:15; 89.1; 37.2
12:23:16; 88.2; 37.2
12:23:17; 87.4; 37.2
12:23:18; 86.5; 37.2
12:23:19; 85.7; 37.2
12:23:20; 84.1; 37.2
12:23:21; 83.4; 37.2
12:23:22; 82.6; 37.2
12:23:23; 82.3; 37.2
12:23:25; 82.4; 38.0
12:23:26; 81.8; 39.2
12:23:27; 81.2; 40.4
12:23:28; 81.0; 47.8
12:23:29; 80.9; 37.3
12:23:30; 81.1; 43.0
12:23:31; 81.3; 50.1
12:23:32; 81.6; 50.3
12:23:33; 82.2; 50.3
12:23:34; 83.0; 50.3
12:23:35; 83.1; 50.3
12:23:36; 83.9; 50.3
12:23:37; 84.6; 50.3
12:23:38; 85.4; 50.4
12:23:40; 86.1; 50.4
12:23:41; 86.8; 50.4
12:23:42; 87.6; 50.4
12:23:43; 88.2; 50.4
12:23:44; 88.9; 50.4
12:23:45; 89.6; 50.4
12:23:46; 90.3; 50.4
12:23:47; 90.9; 50.4
12:23:48; 90.9; 50.4
12:23:49; 91.5; 50.4
12:23:50; 92.1; 50.4
12:23:51; 92.6; 50.4
12:23:53; 92.8; 50.4
12:23:54; 92.9; 50.4
12:23:55; 92.2; 50.4
12:23:56; 91.6; 50.4
12:23:57; 90.9; 50.4
12:23:58; 90.3; 50.4
12:23:59; 89.7; 50.4
12:24:00; 89.1; 50.4
12:24:01; 88.5; 50.4
12:24:02; 87.9; 50.4
12:24:03; 86.7; 50.4
12:24:04; 86.6; 11.5
12:24:05; 86.7; 11.4
12:24:06; 0.0;  1.2
12:24:23;  108;  3.3
12:24:24;  107;  5.5
12:24:25;  107;  6.1
12:24:26;  107;  6.7
12:24:28;  111;  7.5
12:24:29;  110;  8.1
12:24:30;  110;  8.5
12:24:31;  110;  9.1
12:24:32;  109; 12.8
12:24:33;  101; 14.3
12:24:34; 96.0; 18.3
12:24:35; 90.9; 21.6
12:24:36; 86.5; 23.5
12:24:37; 87.9; 26.6
12:24:38; 83.8; 33.7
12:24:39; 85.2; 47.0
12:24:40; 88.0; 36.1
12:24:41; 92.5; 36.2
12:24:43; 96.4; 36.2
12:24:44;  100; 36.2
12:24:45;  103; 36.2
12:24:46;  106; 36.2
12:24:47;  109; 36.2
12:24:48;  111; 36.2
12:24:49;  114; 36.2
12:24:50;  116; 36.2
12:24:51;  114; 36.2
12:24:52;  116; 36.2
12:24:53;  118; 36.2
12:24:54;  120; 36.2
12:24:56;  122; 36.2
12:24:57;  123; 36.2
12:24:58;  125; 36.2
12:24:59;  126; 36.2
12:25:00;  126; 36.3
12:25:01;  125; 36.3
12:25:02;  125; 36.5
12:25:03;  122; 36.6
12:25:04;  119; 36.6
12:25:05;  114; 36.6
12:25:06;  111; 36.6
12:25:07;  109; 36.6
12:25:08;  107; 36.6
12:25:10;  104; 36.6
12:25:11;  102; 36.6
12:25:12;  100; 36.6
12:25:13; 98.7; 36.6
12:25:14; 96.8; 36.6
12:25:15; 95.0; 36.6
12:25:16; 93.2; 36.6
12:25:17; 91.5; 36.6
12:25:18; 89.9; 36.6
12:25:19; 86.8; 36.6
12:25:20; 85.3; 36.6
12:25:21; 83.9; 36.6
12:25:22; 82.5; 36.6
12:25:24; 81.2; 36.6
12:25:25; 79.9; 36.6
12:25:26; 78.6; 36.6
12:25:27; 77.4; 36.6
12:25:28; 76.2; 36.6
12:25:29; 75.1; 36.6
12:25:30; 74.0; 36.6
12:25:31; 73.2; 36.8
12:25:32; 73.7; 37.1
12:25:33; 72.5; 43.3
12:25:34; 72.9; 37.1
12:25:35; 73.4; 43.0
12:25:36; 73.8; 50.1
12:25:38; 74.2; 50.1
12:25:39; 75.4; 50.2
12:25:40; 76.7; 50.2
12:25:41; 78.0; 50.2
12:25:42; 79.2; 50.2
12:25:43; 80.5; 50.2
12:25:44; 81.6; 50.2
12:25:45; 82.8; 50.2
12:25:46; 83.9; 50.3
12:25:47; 84.0; 50.3
12:25:48; 85.1; 50.3
12:25:49; 86.1; 50.3
12:25:51; 87.2; 50.3
12:25:52; 88.2; 50.3
12:25:53; 89.1; 50.3
12:25:54; 90.1; 50.3
12:25:55; 91.0; 50.3
12:25:56; 91.9; 50.3
12:25:57; 92.7; 50.3
12:25:58; 92.9; 37.3
12:25:59; 93.0; 37.3
12:26:00; 92.6; 37.3
12:26:01; 90.7; 37.3
12:26:02; 89.8; 37.3
12:26:03; 88.9; 37.3
12:26:04; 88.1; 37.3
12:26:06; 87.2; 37.3
12:26:07; 86.4; 37.3
12:26:08; 85.6; 37.3
12:26:09; 84.8; 37.3
12:26:10; 84.2; 37.3
12:26:11; 84.3; 37.5
12:26:12; 84.1; 43.9
12:26:13; 83.5; 45.2
12:26:14; 83.6; 37.4
12:26:15; 83.1; 43.1
12:26:16; 83.3; 50.1
12:26:17; 83.5; 51.4
12:26:18; 84.1; 50.5
12:26:20; 84.9; 50.5
12:26:21; 85.7; 50.5
12:26:22; 86.5; 50.5
12:26:23; 87.2; 50.5
12:26:24; 87.9; 50.5
12:26:25; 88.7; 50.5
12:26:26; 89.4; 50.5
12:26:27; 90.1; 50.5
12:26:28; 90.1; 50.5
12:26:29; 90.8; 50.5
12:26:30; 91.5; 50.5
12:26:32; 92.1; 50.5
12:26:33; 92.8; 50.5
12:26:34; 93.5; 50.5
12:26:35; 94.1; 50.5
12:26:36; 94.7; 50.5
12:26:37; 95.2; 50.6
12:26:38; 95.3; 50.6
12:26:39; 95.4; 50.6
12:26:40; 94.8; 50.6
12:26:41; 94.1; 50.6
12:26:42; 92.7; 50.6
12:26:43; 92.1; 50.6
12:26:44; 91.4; 50.6
12:26:45; 90.8; 50.6
12:26:47; 90.2; 50.6
12:26:48; 89.6; 50.6
12:26:49; 89.0; 50.6
12:26:50; 88.7; 17.6
12:26:51; 88.9; 11.6
12:26:52; 75.0;  0.8
12:28:26; 76.0;  1.4
12:28:27; 81.3;  4.0
12:28:28; 81.0;  5.5
12:28:29; 81.4;  5.9
12:28:30; 81.6;  6.4
12:28:31; 71.1;  6.8
12:28:32; 75.2;  7.4
12:28:33; 75.8;  7.8
12:28:35; 75.6;  8.2
12:28:36; 76.3;  8.5
12:28:37; 77.1;  9.2
12:28:38; 79.2;  9.7
12:28:39; 79.4; 17.9
12:28:40; 76.1; 19.2
12:28:41; 75.1; 22.7
12:28:42; 76.8; 27.3
12:28:43; 78.5; 34.3
12:28:44; 80.0; 48.2
12:28:45; 79.1; 36.2
12:28:46; 83.3; 36.2
12:28:47; 87.1; 36.2
12:28:49; 90.6; 36.2
12:28:50; 93.8; 36.2
12:28:51; 97.0; 36.2
12:28:52; 99.7; 36.2
12:28:53;  102; 36.2
12:28:54;  104; 36.2
12:28:55;  107; 36.2
12:28:56;  109; 36.2
12:28:57;  111; 36.2
12:28:58;  110; 36.2
12:28:59;  111; 36.2
12:29:00;  113; 36.3
12:29:02;  115; 36.3
12:29:03;  116; 36.3
12:29:04;  118; 36.3
12:29:05;  118; 36.3
12:29:06;  118; 36.3
12:29:07;  118; 36.5
12:29:08;  115; 36.6
12:29:09;  113; 36.6
12:29:10;  110; 36.6
12:29:11;  108; 36.6
12:29:12;  104; 36.6
12:29:13;  102; 36.6
12:29:14;  100; 36.6
12:29:16; 98.0; 36.6
12:29:17; 96.2; 36.6
12:29:18; 95.4; 36.8
12:29:19; 95.7; 40.5
12:29:20; 95.9; 37.1
12:29:21; 96.1; 41.9
12:29:22; 96.2; 49.0
12:29:23; 96.5; 63.0
12:29:24; 97.5; 50.2
12:29:25; 98.8; 50.2
12:29:26; 98.5; 50.2
12:29:27; 99.8; 50.3
12:29:28;  101; 50.3
12:29:30;  102; 50.3
12:29:31;  103; 50.3
12:29:32;  104; 50.3
12:29:33;  105; 50.3
12:29:34;  106; 50.3
12:29:35;  107; 50.3
12:29:36;  108; 50.3
12:29:37;  109; 50.3
12:29:38;  108; 50.3
12:29:39;  109; 50.3
12:29:40;  110; 50.3
12:29:41;  111; 50.3
12:29:43;  112; 50.3
12:29:44;  112; 37.3
12:29:45;  112; 37.3
12:29:46;  111; 37.4
12:29:47;  110; 37.4
12:29:48;  108; 37.4
12:29:49;  107; 37.4
12:29:50;  106; 37.4
12:29:51;  105; 37.4
12:29:52;  104; 37.4
12:29:53;  101; 37.4
12:29:54;  100; 37.4
12:29:55; 99.5; 37.4
12:29:56; 98.4; 37.4
12:29:58; 97.3; 37.4
12:29:59; 96.3; 37.4
12:30:00; 95.3; 37.4
12:30:01; 94.3; 37.4
12:30:02; 93.4; 37.4
12:30:03; 92.4; 37.4
12:30:04; 91.5; 37.4
12:30:05; 90.6; 37.4
12:30:06; 89.7; 37.4
12:30:07; 88.8; 37.4
12:30:08; 87.1; 37.4
12:30:09; 86.3; 37.4
12:30:10; 85.5; 37.4
12:30:12; 84.7; 37.4
12:30:13; 83.9; 37.4
12:30:14; 83.2; 37.4
12:30:15; 82.8; 37.4
12:30:16; 82.9; 38.1
12:30:17; 82.3; 39.3
12:30:18; 81.7; 40.6
12:30:19; 81.8; 41.5
12:30:20; 82.0; 40.6
12:30:21; 81.5; 47.7
12:30:22; 81.7; 60.0
12:30:23; 82.2; 50.5
12:30:25; 83.0; 50.5
12:30:26; 83.8; 50.5
12:30:27; 84.5; 50.5
12:30:28; 85.3; 50.5
12:30:29; 86.0; 50.5
12:30:30; 86.7; 50.5
12:30:31; 87.5; 50.6
12:30:32; 88.1; 50.6
12:30:33; 88.8; 50.6
12:30:34; 88.8; 50.6
12:30:35; 89.5; 50.6
12:30:36; 90.2; 50.6
12:30:38; 90.8; 50.6
12:30:39; 91.4; 50.6
12:30:40; 92.1; 50.6
12:30:41; 92.7; 50.6
12:30:42; 93.3; 50.6
12:30:43; 93.5; 50.6
12:30:44; 93.6; 50.6
12:30:45; 93.4; 50.6
12:30:46; 92.7; 50.6
12:30:47; 92.1; 50.6
12:30:48; 90.8; 50.6
12:30:49; 90.2; 50.6
12:30:50; 89.6; 50.6
12:30:51; 89.0; 50.6
12:30:53; 88.4; 50.6
12:30:54; 87.8; 50.6
12:30:55; 87.2; 50.6
12:30:56; 86.6; 50.6
12:30:57; 86.0; 50.6
12:30:58; 85.5; 50.6
12:30:59; 84.9; 50.6
12:31:00; 84.4; 50.6
12:31:01; 83.8; 50.6
12:31:02; 82.8; 50.6
12:31:03; 82.3; 50.6
12:31:04; 81.8; 50.6
12:31:05; 81.3; 50.6
12:31:07; 80.8; 50.6
12:31:08; 80.3; 50.6
12:31:09; 79.8; 50.6
12:31:10; 79.3; 50.6
12:31:11; 78.8; 50.6
12:31:12; 78.4; 50.6
12:31:13; 77.9; 50.6
12:31:14; 77.5; 50.6
12:31:15; 77.7; 11.6
12:31:16; 86.0;  0.9
12:31:25; 96.5;  1.6
12:31:26; 99.6;  5.3
12:31:27;  101;  5.9
12:31:28;  102;  6.4
12:31:29;  104;  7.3
12:31:30;  106;  7.8
12:31:31;  106;  8.4
12:31:32;  106;  9.0
12:31:33;  106;  9.5
12:31:34;  101; 13.8
12:31:35; 86.6; 15.1
12:31:36; 83.5; 20.4
12:31:37; 82.9; 22.6
12:31:38; 84.4; 29.3
12:31:40; 85.8; 37.2
12:31:41; 87.0; 35.7
12:31:42; 91.0; 36.0
12:31:43; 95.4; 36.1
12:31:44; 99.3; 36.1
12:31:45;  103; 36.1
12:31:46;  106; 36.1
12:31:47;  109; 36.1
12:31:48;  107; 36.1
12:31:49;  110; 36.1
12:31:50;  112; 36.1
12:31:51;  114; 36.1
12:31:53;  117; 36.1
12:31:54;  119; 36.1
12:31:55;  121; 36.1
12:31:56;  122; 36.1
12:31:57;  124; 36.1
12:31:58;  125; 36.1
12:31:59;  127; 36.1
12:32:00;  128; 36.2
12:32:01;  127; 36.2
12:32:02;  123; 36.2
12:32:03;  122; 36.5
12:32:04;  119; 36.5
12:32:05;  116; 36.5
12:32:07;  114; 36.5
12:32:08;  111; 36.5
12:32:09;  109; 36.5
12:32:10;  107; 36.5
12:32:11;  104; 36.5
12:32:12;  102; 36.5
12:32:13;  100; 36.5
12:32:14;  100; 36.9
12:32:15;  100; 46.7
12:32:16;  100; 37.0
12:32:17; 98.7; 43.6
12:32:18; 98.9; 51.7
12:32:19; 99.0; 50.0
12:32:20;  100; 50.2
12:32:22;  101; 50.2
12:32:23;  102; 50.2
12:32:24;  104; 50.2
12:32:25;  105; 50.2
12:32:26;  106; 50.2
12:32:27;  107; 50.2
12:32:28;  108; 50.2
12:32:29;  109; 50.2
12:32:30;  109; 50.2
12:32:31;  110; 50.2
12:32:32;  111; 50.2
12:32:34;  112; 50.2
12:32:35;  113; 50.2
12:32:36;  113; 50.2
12:32:37;  114; 50.2
12:32:38;  115; 50.2
12:32:39;  116; 50.2
12:32:40;  115; 37.3
12:32:41;  115; 37.3
12:32:42;  114; 37.3
12:32:43;  113; 37.3
12:32:44;  110; 37.3
12:32:45;  109; 37.3
12:32:46;  108; 37.3
12:32:48;  106; 37.3
12:32:49;  105; 37.3
12:32:50;  104; 37.3
12:32:51;  103; 37.3
12:32:52;  102; 37.3
12:32:53;  102; 37.4
12:32:54;  101; 43.4
12:32:55;  101; 49.1
12:32:56;  100; 50.4
12:32:57;  100; 39.9
12:32:58; 99.2; 47.0
12:32:59; 99.3; 58.4
12:33:00; 99.7; 50.5
12:33:02;  100; 50.5
12:33:03;  101; 50.5
12:33:04;  102; 50.5
12:33:05;  102; 50.5
12:33:06;  103; 50.5
12:33:07;  104; 50.5
12:33:08;  104; 50.5
12:33:09;  105; 50.5
12:33:10;  106; 50.5
12:33:11;  105; 50.5
12:33:12;  106; 50.6
12:33:13;  107; 50.6
12:33:15;  107; 50.6
12:33:16;  108; 50.6
12:33:17;  109; 50.6
12:33:18;  109; 50.6
12:33:19;  110; 50.6
12:33:20;  110; 50.6
12:33:21;  110; 50.6
12:33:22;  109; 50.6
12:33:23;  109; 50.6
12:33:24;  108; 50.6
12:33:25;  106; 50.6
12:33:26;  105; 50.6
12:33:27;  104; 50.6
12:33:29;  103; 50.6
12:33:30;  103; 50.6
12:33:31;  102; 50.6
12:33:32;  101; 50.6
12:33:33;  101; 11.6
12:33:34; 76.0;  0.8
12:34:57; 77.5;  1.4
12:34:58; 81.3;  3.8
12:34:59; 81.5;  5.6
12:35:00; 82.0;  6.0
12:35:01; 81.6;  6.4
12:35:02; 81.2;  6.8
12:35:03; 82.3;  7.4
12:35:04; 83.7;  7.8
12:35:05; 82.8;  8.2
12:35:06; 75.5;  8.5
12:35:07; 76.1;  9.0
12:35:08; 78.6;  9.4
12:35:09; 79.3; 16.5
12:35:11; 75.3; 17.8
12:35:12; 74.7; 22.7
12:35:13; 76.6; 27.4
12:35:14; 78.2; 34.6
12:35:15; 79.7; 48.7
12:35:16; 82.7; 36.2
12:35:17; 87.1; 36.2
12:35:18; 91.0; 36.2
12:35:19; 94.6; 36.3
12:35:20; 94.0; 36.3
12:35:21; 97.0; 36.3
12:35:22; 99.7; 36.3
12:35:24;  102; 36.3
12:35:25;  105; 36.3
12:35:26;  107; 36.3
12:35:27;  109; 36.3
12:35:28;  111; 36.3
12:35:29;  113; 36.3
12:35:30;  115; 36.3
12:35:31;  117; 36.3
12:35:32;  118; 36.3
12:35:33;  117; 36.3
12:35:34;  118; 36.3
12:35:35;  118; 36.3
12:35:37;  118; 36.4
12:35:38;  118; 36.7
12:35:39;  115; 36.7
12:35:40;  112; 36.7
12:35:41;  110; 36.7
12:35:42;  108; 36.7
12:35:43;  105; 36.7
12:35:44;  103; 36.7
12:35:45;  101; 36.7
12:35:46; 99.6; 36.7
12:35:47; 95.9; 36.7
12:35:48; 95.5; 36.8
12:35:49; 95.7; 43.9
12:35:50; 95.7; 37.1
12:35:52; 95.9; 43.0
12:35:53; 96.1; 50.1
12:35:54; 96.3; 50.1
12:35:55; 97.5; 50.3
12:35:56; 98.8; 50.3
12:35:57;  100; 50.3
12:35:58;  101; 50.3
12:35:59;  102; 50.3
12:36:00;  103; 50.3
12:36:01;  103; 50.4
12:36:02;  104; 50.4
12:36:03;  105; 50.4
12:36:05;  106; 50.4
12:36:06;  107; 50.4
12:36:07;  108; 50.4
12:36:08;  109; 50.4
12:36:09;  110; 50.4
12:36:10;  110; 50.4
12:36:11;  111; 50.4
12:36:12;  112; 50.4
12:36:13;  113; 50.4
12:36:14;  111; 37.4
12:36:15;  111; 37.4
12:36:16;  111; 37.4
12:36:17;  109; 37.4
12:36:19;  108; 37.4
12:36:20;  107; 37.4
12:36:21;  106; 37.4
12:36:22;  104; 37.4
12:36:23;  103; 37.4
12:36:24;  102; 37.4
12:36:25;  101; 37.4
12:36:26;  100; 37.4
12:36:27;  100; 37.5
12:36:28; 99.7; 38.9
12:36:29; 98.3; 46.4
12:36:30; 97.4; 47.6
12:36:31; 97.5; 38.7
12:36:32; 97.6; 45.8
12:36:34; 97.7; 55.8
12:36:35; 97.9; 50.4
12:36:36; 98.7; 50.5
12:36:37; 99.5; 50.5
12:36:38;  100; 50.5
12:36:39;  101; 50.5
12:36:40;  101; 50.5
12:36:41;  102; 50.5
12:36:42;  103; 50.5
12:36:43;  102; 50.5
12:36:44;  103; 50.5
12:36:45;  104; 50.5
12:36:47;  104; 50.5
12:36:48;  105; 50.5
12:36:49;  106; 50.5
12:36:50;  106; 50.5
12:36:51;  107; 50.5
12:36:52;  108; 50.5
12:36:53;  108; 50.5
12:36:54;  108; 50.5
12:36:55;  108; 50.5
12:36:56;  107; 50.6
12:36:57;  106; 50.6
12:36:58;  105; 50.6
12:36:59;  105; 50.6
12:37:01;  104; 50.6
12:37:02;  103; 50.6
12:37:03;  102; 50.6
12:37:04;  101; 50.6
12:37:05;  101; 50.6
12:37:06;  100; 50.6
12:37:07;  100; 11.6